-- MySQL dump 10.13  Distrib 5.1.73, for redhat-linux-gnu (x86_64)
--
-- Host: 127.0.0.1    Database: DIAMETRIQ
-- ------------------------------------------------------
-- Server version	5.1.73-log

/*!40101 SET @OLD_CHARACTER_SET_CLIENT=@@CHARACTER_SET_CLIENT */;
/*!40101 SET @OLD_CHARACTER_SET_RESULTS=@@CHARACTER_SET_RESULTS */;
/*!40101 SET @OLD_COLLATION_CONNECTION=@@COLLATION_CONNECTION */;
/*!40101 SET NAMES utf8 */;
/*!40103 SET @OLD_TIME_ZONE=@@TIME_ZONE */;
/*!40103 SET TIME_ZONE='+00:00' */;
/*!40014 SET @OLD_UNIQUE_CHECKS=@@UNIQUE_CHECKS, UNIQUE_CHECKS=0 */;
/*!40014 SET @OLD_FOREIGN_KEY_CHECKS=@@FOREIGN_KEY_CHECKS, FOREIGN_KEY_CHECKS=0 */;
/*!40101 SET @OLD_SQL_MODE=@@SQL_MODE, SQL_MODE='NO_AUTO_VALUE_ON_ZERO' */;
/*!40111 SET @OLD_SQL_NOTES=@@SQL_NOTES, SQL_NOTES=0 */;

--
-- Current Database: `DIAMETRIQ`
--

CREATE DATABASE /*!32312 IF NOT EXISTS*/ `DIAMETRIQ` /*!40100 DEFAULT CHARACTER SET latin1 */;

USE `DIAMETRIQ`;

--
-- Table structure for table `APPLICATION_GRP_TB`
--

DROP TABLE IF EXISTS `APPLICATION_GRP_TB`;
/*!40101 SET @saved_cs_client     = @@character_set_client */;
/*!40101 SET character_set_client = utf8 */;
CREATE TABLE `APPLICATION_GRP_TB` (
  `APP_GRP_ID` int(11) NOT NULL AUTO_INCREMENT,
  `APP_GRP_NAME` varchar(128) NOT NULL,
  `PRIORITY` int(11) NOT NULL DEFAULT '1',
  `IS_HOSTED_APP_GRP` tinyint(1) NOT NULL DEFAULT '1',
  `MAX_APP_INSTANCES` int(11) NOT NULL DEFAULT '8',
  `LB_METHOD_ID` int(11) NOT NULL DEFAULT '1',
  `CREATED_BY` int(11) DEFAULT NULL,
  `CREATION_TIME` datetime DEFAULT NULL,
  `MODIFIED_BY` int(11) DEFAULT NULL,
  `MODIFICATION_TIME` datetime DEFAULT NULL,
  PRIMARY KEY (`APP_GRP_ID`),
  KEY `LB_METHOD_ID` (`LB_METHOD_ID`),
  CONSTRAINT `APPLICATION_GRP_TB_ibfk_1` FOREIGN KEY (`LB_METHOD_ID`) REFERENCES `LB_ALGORITHM_TB` (`LB_METHOD_ID`)
) ENGINE=InnoDB DEFAULT CHARSET=latin1;
/*!40101 SET character_set_client = @saved_cs_client */;

--
-- Dumping data for table `APPLICATION_GRP_TB`
--

LOCK TABLES `APPLICATION_GRP_TB` WRITE;
/*!40000 ALTER TABLE `APPLICATION_GRP_TB` DISABLE KEYS */;
/*!40000 ALTER TABLE `APPLICATION_GRP_TB` ENABLE KEYS */;
UNLOCK TABLES;

--
-- Table structure for table `ASF_CONFIGURATION_TB`
--

DROP TABLE IF EXISTS `ASF_CONFIGURATION_TB`;
/*!40101 SET @saved_cs_client     = @@character_set_client */;
/*!40101 SET character_set_client = utf8 */;
CREATE TABLE `ASF_CONFIGURATION_TB` (
  `ASF_CONFIG_ID` int(11) NOT NULL AUTO_INCREMENT,
  `APP_RESPONSE_TIMEOUT` int(11) NOT NULL,
  PRIMARY KEY (`ASF_CONFIG_ID`)
) ENGINE=InnoDB DEFAULT CHARSET=latin1;
/*!40101 SET character_set_client = @saved_cs_client */;

--
-- Dumping data for table `ASF_CONFIGURATION_TB`
--

LOCK TABLES `ASF_CONFIGURATION_TB` WRITE;
/*!40000 ALTER TABLE `ASF_CONFIGURATION_TB` DISABLE KEYS */;
/*!40000 ALTER TABLE `ASF_CONFIGURATION_TB` ENABLE KEYS */;
UNLOCK TABLES;

--
-- Table structure for table `AvailabilityManagerConfigT`
--

DROP TABLE IF EXISTS `AvailabilityManagerConfigT`;
/*!40101 SET @saved_cs_client     = @@character_set_client */;
/*!40101 SET character_set_client = utf8 */;
CREATE TABLE `AvailabilityManagerConfigT` (
  `ComponentID` int(11) NOT NULL,
  `PingPeriodicity` smallint(5) unsigned DEFAULT '256',
  `PingPeriodicityForArbitrator` smallint(5) unsigned DEFAULT '32',
  `VirtualInterfaceActivationTime` smallint(5) unsigned DEFAULT '64',
  `NumberOfConsecutivePingAckRcvFailuresFromPeer` tinyint(3) unsigned DEFAULT '3',
  `NumberOfConsecutivePingAckRcvFailuresFromArbitrator` tinyint(3) unsigned DEFAULT '3',
  `ProcessRestartMaxAllowedInterval` smallint(5) unsigned DEFAULT '5',
  `ProcessRestartMaxAllowedCount` tinyint(3) unsigned DEFAULT '3',
  `UseIpV6` tinyint(1) DEFAULT '0',
  `PrimaryVirtualIpAddress` varchar(128) DEFAULT '0.0.0.0',
  `SecondaryVirtualIpAddress` varchar(128) DEFAULT '0.0.0.0',
  `NearHopGatewayIpAddress` varchar(128) DEFAULT '0.0.0.0',
  PRIMARY KEY (`ComponentID`)
) ENGINE=InnoDB DEFAULT CHARSET=latin1;
/*!40101 SET character_set_client = @saved_cs_client */;

--
-- Dumping data for table `AvailabilityManagerConfigT`
--

LOCK TABLES `AvailabilityManagerConfigT` WRITE;
/*!40000 ALTER TABLE `AvailabilityManagerConfigT` DISABLE KEYS */;
/*!40000 ALTER TABLE `AvailabilityManagerConfigT` ENABLE KEYS */;
UNLOCK TABLES;

--
-- Table structure for table `CAPRO_IDPSMS_CONFIG_TB`
--

DROP TABLE IF EXISTS `CAPRO_IDPSMS_CONFIG_TB`;
/*!40101 SET @saved_cs_client     = @@character_set_client */;
/*!40101 SET character_set_client = utf8 */;
CREATE TABLE `CAPRO_IDPSMS_CONFIG_TB` (
  `CAPRO_IDPSMS_CONFIG_ID` int(11) NOT NULL AUTO_INCREMENT,
  `CAPRO_CONFIG_ID` int(11) DEFAULT NULL,
  `SMS_NODE` int(11) DEFAULT NULL,
  `CLIENT_ADDRESS` varchar(20) DEFAULT NULL,
  `ORIGINATOR_SCCP_ADDRESS` varchar(20) DEFAULT NULL,
  `REPLY_PATH_REQUESTED` int(11) DEFAULT NULL,
  `MSC_SERVICE_SPECIFIC_TYPE` int(11) DEFAULT NULL,
  `SGSN_SERVICE_SPECIFIC_TYPE` int(11) DEFAULT NULL,
  `SERVICE_CONTEXT_ID` varchar(30) DEFAULT NULL,
  PRIMARY KEY (`CAPRO_IDPSMS_CONFIG_ID`),
  UNIQUE KEY `CAPRO_ID` (`CAPRO_CONFIG_ID`),
  CONSTRAINT `CAPRO_IDPSMS_CONFIG_TB_ibfk_1` FOREIGN KEY (`CAPRO_CONFIG_ID`) REFERENCES `IWF_CAPRO_CONFIG_TB` (`IWF_CAPRO_CONFIG_ID`)
) ENGINE=InnoDB DEFAULT CHARSET=latin1;
/*!40101 SET character_set_client = @saved_cs_client */;

--
-- Dumping data for table `CAPRO_IDPSMS_CONFIG_TB`
--

LOCK TABLES `CAPRO_IDPSMS_CONFIG_TB` WRITE;
/*!40000 ALTER TABLE `CAPRO_IDPSMS_CONFIG_TB` DISABLE KEYS */;
/*!40000 ALTER TABLE `CAPRO_IDPSMS_CONFIG_TB` ENABLE KEYS */;
UNLOCK TABLES;

--
-- Table structure for table `CAPRO_IDP_CONFIG_TB`
--

DROP TABLE IF EXISTS `CAPRO_IDP_CONFIG_TB`;
/*!40101 SET @saved_cs_client     = @@character_set_client */;
/*!40101 SET character_set_client = utf8 */;
CREATE TABLE `CAPRO_IDP_CONFIG_TB` (
  `CAPRO_IDP_CONFIG_ID` int(11) NOT NULL AUTO_INCREMENT,
  `CAPRO_CONFIG_ID` int(11) DEFAULT NULL,
  `NODE_FUNCTIONALITY` int(11) DEFAULT NULL,
  `SIP_METHOD` varchar(20) DEFAULT NULL,
  `ORIGINATING_TOI` varchar(20) DEFAULT NULL,
  `TERMINATING_TOI` varchar(20) DEFAULT NULL,
  `SERVICE_CONTEXT_ID` varchar(30) DEFAULT NULL,
  `CAUSE_CODE` varchar(20) DEFAULT NULL,
  `MSC_SERVICE_SPECIFIC_TYPE` int(11) DEFAULT NULL,
  `GMSC_SERVICE_SPECIFIC_TYPE` int(11) DEFAULT NULL,
  `CPC_SERVICE_SPECIFIC_TYPE` int(11) DEFAULT NULL,
  `MULTIPLE_SERVICES_INDICATOR` int(11) DEFAULT NULL,
  PRIMARY KEY (`CAPRO_IDP_CONFIG_ID`),
  UNIQUE KEY `CAPRO_ID` (`CAPRO_CONFIG_ID`),
  CONSTRAINT `CAPRO_IDP_CONFIG_TB_ibfk_1` FOREIGN KEY (`CAPRO_CONFIG_ID`) REFERENCES `IWF_CAPRO_CONFIG_TB` (`IWF_CAPRO_CONFIG_ID`)
) ENGINE=InnoDB DEFAULT CHARSET=latin1;
/*!40101 SET character_set_client = @saved_cs_client */;

--
-- Dumping data for table `CAPRO_IDP_CONFIG_TB`
--

LOCK TABLES `CAPRO_IDP_CONFIG_TB` WRITE;
/*!40000 ALTER TABLE `CAPRO_IDP_CONFIG_TB` DISABLE KEYS */;
/*!40000 ALTER TABLE `CAPRO_IDP_CONFIG_TB` ENABLE KEYS */;
UNLOCK TABLES;

--
-- Table structure for table `CIPHER_SUITE_TB`
--

DROP TABLE IF EXISTS `CIPHER_SUITE_TB`;
/*!40101 SET @saved_cs_client     = @@character_set_client */;
/*!40101 SET character_set_client = utf8 */;
CREATE TABLE `CIPHER_SUITE_TB` (
  `CIPHER_SUITE_ID` int(11) NOT NULL AUTO_INCREMENT,
  `CIPHER_SUITE_NAME` varchar(50) NOT NULL,
  `Enable` tinyint(1) NOT NULL DEFAULT '1',
  PRIMARY KEY (`CIPHER_SUITE_ID`)
) ENGINE=InnoDB AUTO_INCREMENT=9 DEFAULT CHARSET=latin1;
/*!40101 SET character_set_client = @saved_cs_client */;

--
-- Dumping data for table `CIPHER_SUITE_TB`
--

LOCK TABLES `CIPHER_SUITE_TB` WRITE;
/*!40000 ALTER TABLE `CIPHER_SUITE_TB` DISABLE KEYS */;
INSERT INTO `CIPHER_SUITE_TB` VALUES (1,'TLS_RSA_WITH_NULL_MD5',1),(2,'TLS_RSA_WITH_NULL_SHA',1),(3,'TLS_RSA_WITH_RC4_128_SHA',1),(4,'TLS_RSA_WITH_RC4_128_MD5',1),(5,'TLS_RSA_WITH_DES_CBC_SHA',1),(6,'TLS_RSA_WITH_3DES_EDE_CBC_SHA',1),(7,'TLS_RSA_WITH_AES_128_CBC_SHA',1),(8,'TLS_RSA_WITH_AES_256_CBC_SHA',1);
/*!40000 ALTER TABLE `CIPHER_SUITE_TB` ENABLE KEYS */;
UNLOCK TABLES;

--
-- Table structure for table `CMF_DIA_PEER_TEMPLATE_TB`
--

DROP TABLE IF EXISTS `CMF_DIA_PEER_TEMPLATE_TB`;
/*!40101 SET @saved_cs_client     = @@character_set_client */;
/*!40101 SET character_set_client = utf8 */;
CREATE TABLE `CMF_DIA_PEER_TEMPLATE_TB` (
  `CMF_PEER_TEMPLATE_ID` int(11) NOT NULL AUTO_INCREMENT,
  `PEER_TEMPLATE_NAME` varchar(128) DEFAULT NULL,
  `MAX_IN_TPS` int(11) NOT NULL DEFAULT '0',
  `MAX_OUT_TPS` int(11) NOT NULL DEFAULT '0',
  `PRIORITY` enum('normal','high') DEFAULT 'normal',
  `OUTGOING_PEER_CONGESTION_CONDITION` enum('pending-queue','average-response-time','error-response-count','tps','none') DEFAULT NULL,
  `THROTTLE` enum('enable','disable') DEFAULT 'disable',
  `THROTTLING_FACTOR` int(11) DEFAULT '0',
  `DISCONNECT_MISBEHAVING_PEER` enum('enable','disable') DEFAULT 'disable',
  `MAX_AVG_RESP_TIME` int(11) NOT NULL DEFAULT '0',
  `MAX_PENDING_REQS` int(11) NOT NULL DEFAULT '0',
  `MAX_ERR_RESP` int(11) NOT NULL DEFAULT '0',
  `TIME_WINDOW` int(11) NOT NULL DEFAULT '0',
  `ERR_RESP_RESULT_CODE` int(11) NOT NULL DEFAULT '0',
  PRIMARY KEY (`CMF_PEER_TEMPLATE_ID`)
) ENGINE=InnoDB AUTO_INCREMENT=2 DEFAULT CHARSET=latin1;
/*!40101 SET character_set_client = @saved_cs_client */;

--
-- Dumping data for table `CMF_DIA_PEER_TEMPLATE_TB`
--

LOCK TABLES `CMF_DIA_PEER_TEMPLATE_TB` WRITE;
/*!40000 ALTER TABLE `CMF_DIA_PEER_TEMPLATE_TB` DISABLE KEYS */;
INSERT INTO `CMF_DIA_PEER_TEMPLATE_TB` VALUES (1,'Default',0,0,'normal','pending-queue','disable',0,'enable',0,5000,0,0,0);
/*!40000 ALTER TABLE `CMF_DIA_PEER_TEMPLATE_TB` ENABLE KEYS */;
UNLOCK TABLES;

--
-- Table structure for table `DEFAULT_ROUTE_TB`
--

DROP TABLE IF EXISTS `DEFAULT_ROUTE_TB`;
/*!40101 SET @saved_cs_client     = @@character_set_client */;
/*!40101 SET character_set_client = utf8 */;
CREATE TABLE `DEFAULT_ROUTE_TB` (
  `REALM_ID` int(11) NOT NULL,
  `PEER_ID` int(11) NOT NULL,
  KEY `REALM_ID` (`REALM_ID`),
  KEY `PEER_ID` (`PEER_ID`),
  CONSTRAINT `DEFAULT_ROUTE_TB_ibfk_1` FOREIGN KEY (`REALM_ID`) REFERENCES `REALM_TB` (`REALM_ID`) ON DELETE CASCADE,
  CONSTRAINT `DEFAULT_ROUTE_TB_ibfk_2` FOREIGN KEY (`PEER_ID`) REFERENCES `PeerT` (`PeerID`) ON DELETE CASCADE
) ENGINE=InnoDB DEFAULT CHARSET=latin1;
/*!40101 SET character_set_client = @saved_cs_client */;

--
-- Dumping data for table `DEFAULT_ROUTE_TB`
--

LOCK TABLES `DEFAULT_ROUTE_TB` WRITE;
/*!40000 ALTER TABLE `DEFAULT_ROUTE_TB` DISABLE KEYS */;
INSERT INTO `DEFAULT_ROUTE_TB` VALUES (1,1);
/*!40000 ALTER TABLE `DEFAULT_ROUTE_TB` ENABLE KEYS */;
UNLOCK TABLES;

--
-- Table structure for table `DICTIONARY_TB`
--

DROP TABLE IF EXISTS `DICTIONARY_TB`;
/*!40101 SET @saved_cs_client     = @@character_set_client */;
/*!40101 SET character_set_client = utf8 */;
CREATE TABLE `DICTIONARY_TB` (
  `DICTIONARY_ID` int(11) NOT NULL,
  `DICTIONARY_NAME` varchar(128) DEFAULT NULL,
  `INTERFACE_NAME` varchar(50) DEFAULT NULL,
  `RELEASE_NUMBER` varchar(100) DEFAULT NULL,
  `APP_TYPE` int(11) DEFAULT '1',
  PRIMARY KEY (`DICTIONARY_ID`),
  UNIQUE KEY `INTF_RLS` (`INTERFACE_NAME`,`RELEASE_NUMBER`)
) ENGINE=InnoDB DEFAULT CHARSET=latin1;
/*!40101 SET character_set_client = @saved_cs_client */;

--
-- Dumping data for table `DICTIONARY_TB`
--

LOCK TABLES `DICTIONARY_TB` WRITE;
/*!40000 ALTER TABLE `DICTIONARY_TB` DISABLE KEYS */;
INSERT INTO `DICTIONARY_TB` VALUES (6,'s6a_3gpp_r8_5','S6a-Interface','Release-8.5.0',1),(7,'s6a_3gpp_r10_6','S6a-Interface','Release-10.6.0',1),(18,'s6a_3gpp_r11_5','S6a-Interface','Release-11.5.0',1),(22,'ro_3gpp_r10_5','Ro-Interface','Release-10.5.0',1),(25,'ro_3gpp_r10_5_transatel','Ro-Transatel-Interface','Release-10.5.0',1);
/*!40000 ALTER TABLE `DICTIONARY_TB` ENABLE KEYS */;
UNLOCK TABLES;

--
-- Table structure for table `DynamicDiscoveryT`
--

DROP TABLE IF EXISTS `DynamicDiscoveryT`;
/*!40101 SET @saved_cs_client     = @@character_set_client */;
/*!40101 SET character_set_client = utf8 */;
CREATE TABLE `DynamicDiscoveryT` (
  `RealmName` varchar(128) NOT NULL,
  `PeerHostIdentity` varchar(128) DEFAULT NULL,
  PRIMARY KEY (`RealmName`)
) ENGINE=InnoDB DEFAULT CHARSET=latin1;
/*!40101 SET character_set_client = @saved_cs_client */;

--
-- Dumping data for table `DynamicDiscoveryT`
--

LOCK TABLES `DynamicDiscoveryT` WRITE;
/*!40000 ALTER TABLE `DynamicDiscoveryT` DISABLE KEYS */;
/*!40000 ALTER TABLE `DynamicDiscoveryT` ENABLE KEYS */;
UNLOCK TABLES;

--
-- Table structure for table `EXT_BEARERSERVICE_TO_SERVICE_ID_MAP_TB`
--

DROP TABLE IF EXISTS `EXT_BEARERSERVICE_TO_SERVICE_ID_MAP_TB`;
/*!40101 SET @saved_cs_client     = @@character_set_client */;
/*!40101 SET character_set_client = utf8 */;
CREATE TABLE `EXT_BEARERSERVICE_TO_SERVICE_ID_MAP_TB` (
  `EXT_BEARERSERVICE_TO_SERVICE_ID_MAP_ID` int(11) NOT NULL AUTO_INCREMENT,
  `CAPRO_IDP_CONFIG_ID` int(11) DEFAULT NULL,
  `EXT_BEARERSERVICE` int(11) DEFAULT NULL,
  `SERVICE_ID` int(11) DEFAULT NULL,
  PRIMARY KEY (`EXT_BEARERSERVICE_TO_SERVICE_ID_MAP_ID`),
  UNIQUE KEY `BEARERSERVICE` (`EXT_BEARERSERVICE`),
  KEY `CAPRO_IDP_CONFIG_ID` (`CAPRO_IDP_CONFIG_ID`),
  CONSTRAINT `EXT_BEARERSERVICE_TO_SERVICE_ID_MAP_TB_ibfk_1` FOREIGN KEY (`CAPRO_IDP_CONFIG_ID`) REFERENCES `CAPRO_IDP_CONFIG_TB` (`CAPRO_IDP_CONFIG_ID`)
) ENGINE=InnoDB DEFAULT CHARSET=latin1;
/*!40101 SET character_set_client = @saved_cs_client */;

--
-- Dumping data for table `EXT_BEARERSERVICE_TO_SERVICE_ID_MAP_TB`
--

LOCK TABLES `EXT_BEARERSERVICE_TO_SERVICE_ID_MAP_TB` WRITE;
/*!40000 ALTER TABLE `EXT_BEARERSERVICE_TO_SERVICE_ID_MAP_TB` DISABLE KEYS */;
/*!40000 ALTER TABLE `EXT_BEARERSERVICE_TO_SERVICE_ID_MAP_TB` ENABLE KEYS */;
UNLOCK TABLES;

--
-- Table structure for table `EXT_TELESERVICE_TO_SERVICE_ID_MAP_TB`
--

DROP TABLE IF EXISTS `EXT_TELESERVICE_TO_SERVICE_ID_MAP_TB`;
/*!40101 SET @saved_cs_client     = @@character_set_client */;
/*!40101 SET character_set_client = utf8 */;
CREATE TABLE `EXT_TELESERVICE_TO_SERVICE_ID_MAP_TB` (
  `EXT_TELESERVICE_TO_SERVICE_ID_MAP_ID` int(11) NOT NULL AUTO_INCREMENT,
  `CAPRO_IDP_CONFIG_ID` int(11) DEFAULT NULL,
  `EXT_TELESERVICE` int(11) DEFAULT NULL,
  `SERVICE_ID` int(11) DEFAULT NULL,
  PRIMARY KEY (`EXT_TELESERVICE_TO_SERVICE_ID_MAP_ID`),
  UNIQUE KEY `TELESERVICE` (`EXT_TELESERVICE`),
  KEY `CAPRO_IDP_CONFIG_ID` (`CAPRO_IDP_CONFIG_ID`),
  CONSTRAINT `EXT_TELESERVICE_TO_SERVICE_ID_MAP_TB_ibfk_1` FOREIGN KEY (`CAPRO_IDP_CONFIG_ID`) REFERENCES `CAPRO_IDP_CONFIG_TB` (`CAPRO_IDP_CONFIG_ID`)
) ENGINE=InnoDB DEFAULT CHARSET=latin1;
/*!40101 SET character_set_client = @saved_cs_client */;

--
-- Dumping data for table `EXT_TELESERVICE_TO_SERVICE_ID_MAP_TB`
--

LOCK TABLES `EXT_TELESERVICE_TO_SERVICE_ID_MAP_TB` WRITE;
/*!40000 ALTER TABLE `EXT_TELESERVICE_TO_SERVICE_ID_MAP_TB` DISABLE KEYS */;
/*!40000 ALTER TABLE `EXT_TELESERVICE_TO_SERVICE_ID_MAP_TB` ENABLE KEYS */;
UNLOCK TABLES;

--
-- Table structure for table `FEATURE_TB`
--

DROP TABLE IF EXISTS `FEATURE_TB`;
/*!40101 SET @saved_cs_client     = @@character_set_client */;
/*!40101 SET character_set_client = utf8 */;
CREATE TABLE `FEATURE_TB` (
  `FEATURE_ID` int(11) NOT NULL AUTO_INCREMENT,
  `ENABLE_ASF` tinyint(1) NOT NULL,
  `ENABLE_ERLBF` tinyint(1) NOT NULL,
  PRIMARY KEY (`FEATURE_ID`)
) ENGINE=InnoDB DEFAULT CHARSET=latin1;
/*!40101 SET character_set_client = @saved_cs_client */;

--
-- Dumping data for table `FEATURE_TB`
--

LOCK TABLES `FEATURE_TB` WRITE;
/*!40000 ALTER TABLE `FEATURE_TB` DISABLE KEYS */;
/*!40000 ALTER TABLE `FEATURE_TB` ENABLE KEYS */;
UNLOCK TABLES;

--
-- Table structure for table `IWF_CALL_SCENARIO_MAPPING_TB`
--

DROP TABLE IF EXISTS `IWF_CALL_SCENARIO_MAPPING_TB`;
/*!40101 SET @saved_cs_client     = @@character_set_client */;
/*!40101 SET character_set_client = utf8 */;
CREATE TABLE `IWF_CALL_SCENARIO_MAPPING_TB` (
  `IWF_CALL_SCENARIO_MAPPING_ID` int(11) NOT NULL AUTO_INCREMENT,
  `IWF_PROTOCOL_ACTION_RULE_ID` int(11) DEFAULT NULL,
  `IWF_CALL_SCENARIO_ID` int(11) DEFAULT NULL,
  PRIMARY KEY (`IWF_CALL_SCENARIO_MAPPING_ID`),
  UNIQUE KEY `CALLSCENARIO` (`IWF_PROTOCOL_ACTION_RULE_ID`,`IWF_CALL_SCENARIO_ID`),
  KEY `IWF_CALL_SCENARIO_ID` (`IWF_CALL_SCENARIO_ID`),
  CONSTRAINT `IWF_CALL_SCENARIO_MAPPING_TB_ibfk_1` FOREIGN KEY (`IWF_PROTOCOL_ACTION_RULE_ID`) REFERENCES `IWF_PROTOCOL_ACTION_RULE_TB` (`IWF_PROTOCOL_ACTION_RULE_ID`) ON DELETE CASCADE,
  CONSTRAINT `IWF_CALL_SCENARIO_MAPPING_TB_ibfk_2` FOREIGN KEY (`IWF_CALL_SCENARIO_ID`) REFERENCES `IWF_CALL_SCENARIO_TB` (`IWF_CALL_SCENARIO_ID`) ON DELETE CASCADE
) ENGINE=InnoDB AUTO_INCREMENT=6 DEFAULT CHARSET=latin1;
/*!40101 SET character_set_client = @saved_cs_client */;

--
-- Dumping data for table `IWF_CALL_SCENARIO_MAPPING_TB`
--

LOCK TABLES `IWF_CALL_SCENARIO_MAPPING_TB` WRITE;
/*!40000 ALTER TABLE `IWF_CALL_SCENARIO_MAPPING_TB` DISABLE KEYS */;
INSERT INTO `IWF_CALL_SCENARIO_MAPPING_TB` VALUES (3,1,1),(1,1,2),(4,1,3),(2,1,4),(5,1,5);
/*!40000 ALTER TABLE `IWF_CALL_SCENARIO_MAPPING_TB` ENABLE KEYS */;
UNLOCK TABLES;

--
-- Table structure for table `IWF_CALL_SCENARIO_TB`
--

DROP TABLE IF EXISTS `IWF_CALL_SCENARIO_TB`;
/*!40101 SET @saved_cs_client     = @@character_set_client */;
/*!40101 SET character_set_client = utf8 */;
CREATE TABLE `IWF_CALL_SCENARIO_TB` (
  `IWF_CALL_SCENARIO_ID` int(11) NOT NULL AUTO_INCREMENT,
  `CALL_SCENARIO` varchar(256) DEFAULT NULL,
  PRIMARY KEY (`IWF_CALL_SCENARIO_ID`),
  UNIQUE KEY `SCENARIO` (`CALL_SCENARIO`)
) ENGINE=InnoDB AUTO_INCREMENT=6 DEFAULT CHARSET=latin1;
/*!40101 SET character_set_client = @saved_cs_client */;

--
-- Dumping data for table `IWF_CALL_SCENARIO_TB`
--

LOCK TABLES `IWF_CALL_SCENARIO_TB` WRITE;
/*!40000 ALTER TABLE `IWF_CALL_SCENARIO_TB` DISABLE KEYS */;
INSERT INTO `IWF_CALL_SCENARIO_TB` VALUES (1,'MO_CAPV1'),(2,'MO_CAPV2'),(3,'MT_CAPV1'),(4,'MT_CAPV2'),(5,'SMS_CAPV3');
/*!40000 ALTER TABLE `IWF_CALL_SCENARIO_TB` ENABLE KEYS */;
UNLOCK TABLES;

--
-- Table structure for table `IWF_CAPRO_CONFIG_TB`
--

DROP TABLE IF EXISTS `IWF_CAPRO_CONFIG_TB`;
/*!40101 SET @saved_cs_client     = @@character_set_client */;
/*!40101 SET character_set_client = utf8 */;
CREATE TABLE `IWF_CAPRO_CONFIG_TB` (
  `IWF_CAPRO_CONFIG_ID` int(11) NOT NULL AUTO_INCREMENT,
  `IWF_TRANSLATOR_ID` int(11) DEFAULT NULL,
  PRIMARY KEY (`IWF_CAPRO_CONFIG_ID`),
  UNIQUE KEY `TRANS` (`IWF_TRANSLATOR_ID`),
  CONSTRAINT `IWF_CAPRO_CONFIG_TB_ibfk_1` FOREIGN KEY (`IWF_TRANSLATOR_ID`) REFERENCES `IWF_TRANSLATOR_TB` (`IWF_TRANSLATOR_ID`)
) ENGINE=InnoDB DEFAULT CHARSET=latin1;
/*!40101 SET character_set_client = @saved_cs_client */;

--
-- Dumping data for table `IWF_CAPRO_CONFIG_TB`
--

LOCK TABLES `IWF_CAPRO_CONFIG_TB` WRITE;
/*!40000 ALTER TABLE `IWF_CAPRO_CONFIG_TB` DISABLE KEYS */;
/*!40000 ALTER TABLE `IWF_CAPRO_CONFIG_TB` ENABLE KEYS */;
UNLOCK TABLES;

--
-- Table structure for table `IWF_DCCA_ENDPOINTS_TB`
--

DROP TABLE IF EXISTS `IWF_DCCA_ENDPOINTS_TB`;
/*!40101 SET @saved_cs_client     = @@character_set_client */;
/*!40101 SET character_set_client = utf8 */;
CREATE TABLE `IWF_DCCA_ENDPOINTS_TB` (
  `IWF_DCCA_ENDPOINT_ID` int(11) NOT NULL AUTO_INCREMENT,
  `DEST_REALM_ID` int(11) NOT NULL,
  `ENDPOINT_NAME` varchar(128) NOT NULL,
  `PRIORITY` int(11) NOT NULL DEFAULT '1',
  `SEND_CCRT_INDICATOR` int(11) NOT NULL DEFAULT '1',
  PRIMARY KEY (`IWF_DCCA_ENDPOINT_ID`),
  UNIQUE KEY `DCCA_ENDPOINT` (`DEST_REALM_ID`,`ENDPOINT_NAME`),
  CONSTRAINT `IWF_DCCA_ENDPOINTS_TB_ibfk_1` FOREIGN KEY (`DEST_REALM_ID`) REFERENCES `REALM_TB` (`REALM_ID`)
) ENGINE=InnoDB AUTO_INCREMENT=2 DEFAULT CHARSET=latin1;
/*!40101 SET character_set_client = @saved_cs_client */;

--
-- Dumping data for table `IWF_DCCA_ENDPOINTS_TB`
--

LOCK TABLES `IWF_DCCA_ENDPOINTS_TB` WRITE;
/*!40000 ALTER TABLE `IWF_DCCA_ENDPOINTS_TB` DISABLE KEYS */;
INSERT INTO `IWF_DCCA_ENDPOINTS_TB` VALUES (1,1,'ocs',1,1);
/*!40000 ALTER TABLE `IWF_DCCA_ENDPOINTS_TB` ENABLE KEYS */;
UNLOCK TABLES;

--
-- Table structure for table `IWF_DCCA_GENERAL_CONFIG_TB`
--

DROP TABLE IF EXISTS `IWF_DCCA_GENERAL_CONFIG_TB`;
/*!40101 SET @saved_cs_client     = @@character_set_client */;
/*!40101 SET character_set_client = utf8 */;
CREATE TABLE `IWF_DCCA_GENERAL_CONFIG_TB` (
  `IWF_DCCA_FEATURE_ID` int(11) NOT NULL AUTO_INCREMENT,
  `IWF_DCCA_FEATURE_NAME` varchar(125) DEFAULT NULL,
  `IWF_DCCA_FEATURE_VALUE` int(11) DEFAULT NULL,
  PRIMARY KEY (`IWF_DCCA_FEATURE_ID`),
  UNIQUE KEY `DCCA_FEATURE` (`IWF_DCCA_FEATURE_NAME`)
) ENGINE=InnoDB AUTO_INCREMENT=4 DEFAULT CHARSET=latin1;
/*!40101 SET character_set_client = @saved_cs_client */;

--
-- Dumping data for table `IWF_DCCA_GENERAL_CONFIG_TB`
--

LOCK TABLES `IWF_DCCA_GENERAL_CONFIG_TB` WRITE;
/*!40000 ALTER TABLE `IWF_DCCA_GENERAL_CONFIG_TB` DISABLE KEYS */;
INSERT INTO `IWF_DCCA_GENERAL_CONFIG_TB` VALUES (1,'TX_TIMEOUT',10),(2,'INITIAL_ACTION',2),(3,'UPDATE_ACTION',2);
/*!40000 ALTER TABLE `IWF_DCCA_GENERAL_CONFIG_TB` ENABLE KEYS */;
UNLOCK TABLES;

--
-- Table structure for table `IWF_EVENT_TYPE_DETAILS_TB`
--

DROP TABLE IF EXISTS `IWF_EVENT_TYPE_DETAILS_TB`;
/*!40101 SET @saved_cs_client     = @@character_set_client */;
/*!40101 SET character_set_client = utf8 */;
CREATE TABLE `IWF_EVENT_TYPE_DETAILS_TB` (
  `IWF_EVENT_TYPE_DETAILS_ID` int(11) NOT NULL AUTO_INCREMENT,
  `IWF_EVENT_TYPE_MAPPING_ID` int(11) DEFAULT NULL,
  `MONITOR_MODE` varchar(128) DEFAULT NULL,
  `LEG_ID` varchar(128) DEFAULT NULL,
  PRIMARY KEY (`IWF_EVENT_TYPE_DETAILS_ID`),
  UNIQUE KEY `EVENTDETAILS` (`IWF_EVENT_TYPE_MAPPING_ID`,`MONITOR_MODE`,`LEG_ID`),
  CONSTRAINT `IWF_EVENT_TYPE_DETAILS_TB_ibfk_1` FOREIGN KEY (`IWF_EVENT_TYPE_MAPPING_ID`) REFERENCES `IWF_EVENT_TYPE_MAPPING_TB` (`IWF_EVENT_TYPE_MAPPING_ID`) ON DELETE CASCADE
) ENGINE=InnoDB AUTO_INCREMENT=21 DEFAULT CHARSET=latin1;
/*!40101 SET character_set_client = @saved_cs_client */;

--
-- Dumping data for table `IWF_EVENT_TYPE_DETAILS_TB`
--

LOCK TABLES `IWF_EVENT_TYPE_DETAILS_TB` WRITE;
/*!40000 ALTER TABLE `IWF_EVENT_TYPE_DETAILS_TB` DISABLE KEYS */;
INSERT INTO `IWF_EVENT_TYPE_DETAILS_TB` VALUES (1,1,'interrupted','2'),(2,2,'interrupted','2'),(3,3,'notifyAndContinue','2'),(5,4,'interrupted','2'),(4,4,'notifyAndContinue','1'),(6,5,'interrupted','2'),(7,6,'interrupted','2'),(8,7,'interrupted','2'),(9,8,'notifyAndContinue','2'),(11,9,'interrupted','2'),(10,9,'notifyAndContinue','1'),(12,10,'notifyAndContinue','1'),(13,11,'notifyAndContinue','2'),(14,12,'notifyAndContinue','1'),(15,12,'transparent','2'),(16,13,'notifyAndContinue','2'),(18,14,'interrupted','2'),(17,14,'notifyAndContinue','1'),(19,15,'interrupted',NULL),(20,16,'interrupted',NULL);
/*!40000 ALTER TABLE `IWF_EVENT_TYPE_DETAILS_TB` ENABLE KEYS */;
UNLOCK TABLES;

--
-- Table structure for table `IWF_EVENT_TYPE_MAPPING_TB`
--

DROP TABLE IF EXISTS `IWF_EVENT_TYPE_MAPPING_TB`;
/*!40101 SET @saved_cs_client     = @@character_set_client */;
/*!40101 SET character_set_client = utf8 */;
CREATE TABLE `IWF_EVENT_TYPE_MAPPING_TB` (
  `IWF_EVENT_TYPE_MAPPING_ID` int(11) NOT NULL AUTO_INCREMENT,
  `IWF_CALL_SCENARIO_MAPPING_ID` int(11) DEFAULT NULL,
  `IWF_EVENT_TYPE_ID` int(11) DEFAULT NULL,
  PRIMARY KEY (`IWF_EVENT_TYPE_MAPPING_ID`),
  UNIQUE KEY `EVENTTYPEMAPPING` (`IWF_CALL_SCENARIO_MAPPING_ID`,`IWF_EVENT_TYPE_ID`),
  KEY `IWF_EVENT_TYPE_ID` (`IWF_EVENT_TYPE_ID`),
  CONSTRAINT `IWF_EVENT_TYPE_MAPPING_TB_ibfk_1` FOREIGN KEY (`IWF_CALL_SCENARIO_MAPPING_ID`) REFERENCES `IWF_CALL_SCENARIO_MAPPING_TB` (`IWF_CALL_SCENARIO_MAPPING_ID`) ON DELETE CASCADE,
  CONSTRAINT `IWF_EVENT_TYPE_MAPPING_TB_ibfk_2` FOREIGN KEY (`IWF_EVENT_TYPE_ID`) REFERENCES `IWF_EVENT_TYPE_TB` (`IWF_EVENT_TYPE_ID`) ON DELETE CASCADE
) ENGINE=InnoDB AUTO_INCREMENT=17 DEFAULT CHARSET=latin1;
/*!40101 SET character_set_client = @saved_cs_client */;

--
-- Dumping data for table `IWF_EVENT_TYPE_MAPPING_TB`
--

LOCK TABLES `IWF_EVENT_TYPE_MAPPING_TB` WRITE;
/*!40000 ALTER TABLE `IWF_EVENT_TYPE_MAPPING_TB` DISABLE KEYS */;
INSERT INTO `IWF_EVENT_TYPE_MAPPING_TB` VALUES (3,1,1),(2,1,2),(4,1,3),(1,1,5),(5,1,6),(8,2,7),(7,2,8),(9,2,9),(10,2,10),(6,2,11),(11,3,1),(12,3,3),(13,4,7),(14,4,9),(15,5,12),(16,5,13);
/*!40000 ALTER TABLE `IWF_EVENT_TYPE_MAPPING_TB` ENABLE KEYS */;
UNLOCK TABLES;

--
-- Table structure for table `IWF_EVENT_TYPE_TB`
--

DROP TABLE IF EXISTS `IWF_EVENT_TYPE_TB`;
/*!40101 SET @saved_cs_client     = @@character_set_client */;
/*!40101 SET character_set_client = utf8 */;
CREATE TABLE `IWF_EVENT_TYPE_TB` (
  `IWF_EVENT_TYPE_ID` int(11) NOT NULL AUTO_INCREMENT,
  `IWF_EVENT_TYPE_NAME` varchar(128) DEFAULT NULL,
  PRIMARY KEY (`IWF_EVENT_TYPE_ID`)
) ENGINE=InnoDB AUTO_INCREMENT=14 DEFAULT CHARSET=latin1;
/*!40101 SET character_set_client = @saved_cs_client */;

--
-- Dumping data for table `IWF_EVENT_TYPE_TB`
--

LOCK TABLES `IWF_EVENT_TYPE_TB` WRITE;
/*!40000 ALTER TABLE `IWF_EVENT_TYPE_TB` DISABLE KEYS */;
INSERT INTO `IWF_EVENT_TYPE_TB` VALUES (1,'oAnswer'),(2,'oNoAnswer'),(3,'oDisconnect'),(4,'oAbandon'),(5,'oCalledPartyBusy'),(6,'routeSelectFailure'),(7,'tAnswer'),(8,'tNoAnswer'),(9,'tDisconnect'),(10,'tAbandon'),(11,'tBusy'),(12,'o-smsSubmitted'),(13,'o-smsFailure');
/*!40000 ALTER TABLE `IWF_EVENT_TYPE_TB` ENABLE KEYS */;
UNLOCK TABLES;

--
-- Table structure for table `IWF_FEATURE_TB`
--

DROP TABLE IF EXISTS `IWF_FEATURE_TB`;
/*!40101 SET @saved_cs_client     = @@character_set_client */;
/*!40101 SET character_set_client = utf8 */;
CREATE TABLE `IWF_FEATURE_TB` (
  `IWF_FEATURE_ID` int(11) NOT NULL AUTO_INCREMENT,
  `IWF_FEATURE_NAME` varchar(125) DEFAULT NULL,
  `IWF_FEATURE_STATUS` bigint(20) DEFAULT NULL,
  PRIMARY KEY (`IWF_FEATURE_ID`),
  UNIQUE KEY `TIMER_NAME` (`IWF_FEATURE_NAME`)
) ENGINE=InnoDB AUTO_INCREMENT=5 DEFAULT CHARSET=latin1;
/*!40101 SET character_set_client = @saved_cs_client */;

--
-- Dumping data for table `IWF_FEATURE_TB`
--

LOCK TABLES `IWF_FEATURE_TB` WRITE;
/*!40000 ALTER TABLE `IWF_FEATURE_TB` DISABLE KEYS */;
INSERT INTO `IWF_FEATURE_TB` VALUES (1,'LOG_CDR',3),(2,'FOLLOWON_TANS_TRIGGER',1),(3,'CONGESTION_MANAGEMENT',1),(4,'MAX_NUMBER_OF_SESSIONS',25000);
/*!40000 ALTER TABLE `IWF_FEATURE_TB` ENABLE KEYS */;
UNLOCK TABLES;

--
-- Table structure for table `IWF_LOCAL_CONFIG_TB`
--

DROP TABLE IF EXISTS `IWF_LOCAL_CONFIG_TB`;
/*!40101 SET @saved_cs_client     = @@character_set_client */;
/*!40101 SET character_set_client = utf8 */;
CREATE TABLE `IWF_LOCAL_CONFIG_TB` (
  `IWF_LOCAL_CONFIG_ID` int(11) NOT NULL AUTO_INCREMENT,
  `IWF_PROTOCOL_FAMILY_ID` int(11) DEFAULT '1',
  `NI` int(11) DEFAULT NULL,
  `POINTCODE` int(11) DEFAULT NULL,
  `TCAP_INVOKE_TIMER` int(11) DEFAULT NULL,
  `ADDRESS_TYPE` varchar(10) DEFAULT NULL,
  `GTI` int(11) DEFAULT NULL,
  `TRANSLATION_TYPE` int(11) DEFAULT NULL,
  `NUMBERING_PLAN` int(11) DEFAULT NULL,
  `ENCODING_SCHEME` int(11) DEFAULT NULL,
  `NATURE_OF_ADDRESS_INDICATOR` int(11) DEFAULT NULL,
  `SELECTION_CRITERIA` int(11) DEFAULT NULL,
  `GT_ADDR_DIGITS` varchar(20) DEFAULT NULL,
  `USE_LOCAL_GT_FROM_CONFIG` int(11) DEFAULT '1',
  `USE_SCCP_CDPA_FROM_INCOMMING_MSG` int(11) DEFAULT '1',
  `INCLUDE_SSN` int(11) DEFAULT '1',
  `INCLUDE_PC` int(11) DEFAULT '1',
  `HOST_NAME_1` varchar(256) DEFAULT NULL,
  `HOST_NAME_2` varchar(256) DEFAULT NULL,
  `ASP_ID_1` int(11) DEFAULT NULL,
  `ASP_ID_2` int(11) DEFAULT NULL,
  PRIMARY KEY (`IWF_LOCAL_CONFIG_ID`),
  KEY `IWF_PROTOCOL_FAMILY_ID` (`IWF_PROTOCOL_FAMILY_ID`),
  CONSTRAINT `IWF_LOCAL_CONFIG_TB_ibfk_1` FOREIGN KEY (`IWF_PROTOCOL_FAMILY_ID`) REFERENCES `IWF_PROTOCOL_FAMILY_TB` (`IWF_PROTOCOL_FAMILY_ID`)
) ENGINE=InnoDB AUTO_INCREMENT=2 DEFAULT CHARSET=latin1;
/*!40101 SET character_set_client = @saved_cs_client */;

--
-- Dumping data for table `IWF_LOCAL_CONFIG_TB`
--

LOCK TABLES `IWF_LOCAL_CONFIG_TB` WRITE;
/*!40000 ALTER TABLE `IWF_LOCAL_CONFIG_TB` DISABLE KEYS */;
INSERT INTO `IWF_LOCAL_CONFIG_TB` VALUES (1,1,NULL,2057,30,'SSN',4,0,1,2,4,25,'882470000001031',1,1,1,1,'{{ hostname }}',NULL,1,NULL);
/*!40000 ALTER TABLE `IWF_LOCAL_CONFIG_TB` ENABLE KEYS */;
UNLOCK TABLES;

--
-- Table structure for table `IWF_LOCAL_SSN_MAPPING_TB`
--

DROP TABLE IF EXISTS `IWF_LOCAL_SSN_MAPPING_TB`;
/*!40101 SET @saved_cs_client     = @@character_set_client */;
/*!40101 SET character_set_client = utf8 */;
CREATE TABLE `IWF_LOCAL_SSN_MAPPING_TB` (
  `IWF_LOCAL_SSN_MAPPING_ID` int(11) NOT NULL AUTO_INCREMENT,
  `IWF_LOCAL_CONFIG_ID` int(11) DEFAULT NULL,
  `IWF_LOCAL_SSN_ID` int(11) DEFAULT NULL,
  PRIMARY KEY (`IWF_LOCAL_SSN_MAPPING_ID`),
  UNIQUE KEY `LOCAL_MAPPING` (`IWF_LOCAL_CONFIG_ID`,`IWF_LOCAL_SSN_ID`),
  KEY `IWF_LOCAL_SSN_ID` (`IWF_LOCAL_SSN_ID`),
  CONSTRAINT `IWF_LOCAL_SSN_MAPPING_TB_ibfk_1` FOREIGN KEY (`IWF_LOCAL_CONFIG_ID`) REFERENCES `IWF_LOCAL_CONFIG_TB` (`IWF_LOCAL_CONFIG_ID`),
  CONSTRAINT `IWF_LOCAL_SSN_MAPPING_TB_ibfk_2` FOREIGN KEY (`IWF_LOCAL_SSN_ID`) REFERENCES `IWF_LOCAL_SSN_TABLE` (`IWF_LOCAL_SSN_ID`)
) ENGINE=InnoDB AUTO_INCREMENT=2 DEFAULT CHARSET=latin1;
/*!40101 SET character_set_client = @saved_cs_client */;

--
-- Dumping data for table `IWF_LOCAL_SSN_MAPPING_TB`
--

LOCK TABLES `IWF_LOCAL_SSN_MAPPING_TB` WRITE;
/*!40000 ALTER TABLE `IWF_LOCAL_SSN_MAPPING_TB` DISABLE KEYS */;
INSERT INTO `IWF_LOCAL_SSN_MAPPING_TB` VALUES (1,1,3);
/*!40000 ALTER TABLE `IWF_LOCAL_SSN_MAPPING_TB` ENABLE KEYS */;
UNLOCK TABLES;

--
-- Table structure for table `IWF_LOCAL_SSN_TABLE`
--

DROP TABLE IF EXISTS `IWF_LOCAL_SSN_TABLE`;
/*!40101 SET @saved_cs_client     = @@character_set_client */;
/*!40101 SET character_set_client = utf8 */;
CREATE TABLE `IWF_LOCAL_SSN_TABLE` (
  `IWF_LOCAL_SSN_ID` int(11) NOT NULL AUTO_INCREMENT,
  `SSN` int(11) NOT NULL,
  `SSN_NAME` varchar(20) DEFAULT NULL,
  PRIMARY KEY (`IWF_LOCAL_SSN_ID`),
  UNIQUE KEY `SSN_NAME` (`SSN_NAME`)
) ENGINE=InnoDB AUTO_INCREMENT=4 DEFAULT CHARSET=latin1;
/*!40101 SET character_set_client = @saved_cs_client */;

--
-- Dumping data for table `IWF_LOCAL_SSN_TABLE`
--

LOCK TABLES `IWF_LOCAL_SSN_TABLE` WRITE;
/*!40000 ALTER TABLE `IWF_LOCAL_SSN_TABLE` DISABLE KEYS */;
INSERT INTO `IWF_LOCAL_SSN_TABLE` VALUES (1,6,'HLR'),(2,149,'SGSN'),(3,146,'CAP');
/*!40000 ALTER TABLE `IWF_LOCAL_SSN_TABLE` ENABLE KEYS */;
UNLOCK TABLES;

--
-- Table structure for table `IWF_MAPS6A_CONFIG_TB`
--

DROP TABLE IF EXISTS `IWF_MAPS6A_CONFIG_TB`;
/*!40101 SET @saved_cs_client     = @@character_set_client */;
/*!40101 SET character_set_client = utf8 */;
CREATE TABLE `IWF_MAPS6A_CONFIG_TB` (
  `IWF_MAPS6A_CONFIG_ID` int(11) NOT NULL AUTO_INCREMENT,
  `IWF_TRANSLATOR_ID` int(11) DEFAULT NULL,
  `HLR_NUMBER` varchar(120) DEFAULT NULL,
  PRIMARY KEY (`IWF_MAPS6A_CONFIG_ID`),
  UNIQUE KEY `TRANS_HLR` (`IWF_TRANSLATOR_ID`,`HLR_NUMBER`),
  CONSTRAINT `IWF_MAPS6A_CONFIG_TB_ibfk_1` FOREIGN KEY (`IWF_TRANSLATOR_ID`) REFERENCES `IWF_TRANSLATOR_TB` (`IWF_TRANSLATOR_ID`)
) ENGINE=InnoDB DEFAULT CHARSET=latin1;
/*!40101 SET character_set_client = @saved_cs_client */;

--
-- Dumping data for table `IWF_MAPS6A_CONFIG_TB`
--

LOCK TABLES `IWF_MAPS6A_CONFIG_TB` WRITE;
/*!40000 ALTER TABLE `IWF_MAPS6A_CONFIG_TB` DISABLE KEYS */;
/*!40000 ALTER TABLE `IWF_MAPS6A_CONFIG_TB` ENABLE KEYS */;
UNLOCK TABLES;

--
-- Table structure for table `IWF_MAPS6A_VPLMN_ID_CONFIG_TB`
--

DROP TABLE IF EXISTS `IWF_MAPS6A_VPLMN_ID_CONFIG_TB`;
/*!40101 SET @saved_cs_client     = @@character_set_client */;
/*!40101 SET character_set_client = utf8 */;
CREATE TABLE `IWF_MAPS6A_VPLMN_ID_CONFIG_TB` (
  `IWF_MAPS6A_VPLMN_CONFIG_ID` int(11) NOT NULL AUTO_INCREMENT,
  `IWF_MAPS6A_CONFIG_ID` int(11) DEFAULT NULL,
  `ALLOWED_VPLMN_ID` varchar(25) DEFAULT NULL,
  PRIMARY KEY (`IWF_MAPS6A_VPLMN_CONFIG_ID`),
  UNIQUE KEY `MAPS6A_VPLMN` (`IWF_MAPS6A_CONFIG_ID`,`ALLOWED_VPLMN_ID`),
  CONSTRAINT `IWF_MAPS6A_VPLMN_ID_CONFIG_TB_ibfk_1` FOREIGN KEY (`IWF_MAPS6A_CONFIG_ID`) REFERENCES `IWF_MAPS6A_CONFIG_TB` (`IWF_MAPS6A_CONFIG_ID`) ON DELETE CASCADE
) ENGINE=InnoDB DEFAULT CHARSET=latin1;
/*!40101 SET character_set_client = @saved_cs_client */;

--
-- Dumping data for table `IWF_MAPS6A_VPLMN_ID_CONFIG_TB`
--

LOCK TABLES `IWF_MAPS6A_VPLMN_ID_CONFIG_TB` WRITE;
/*!40000 ALTER TABLE `IWF_MAPS6A_VPLMN_ID_CONFIG_TB` DISABLE KEYS */;
/*!40000 ALTER TABLE `IWF_MAPS6A_VPLMN_ID_CONFIG_TB` ENABLE KEYS */;
UNLOCK TABLES;

--
-- Table structure for table `IWF_MAPS6A_VPLMN_ID_SGSN_MAP_TB`
--

DROP TABLE IF EXISTS `IWF_MAPS6A_VPLMN_ID_SGSN_MAP_TB`;
/*!40101 SET @saved_cs_client     = @@character_set_client */;
/*!40101 SET character_set_client = utf8 */;
CREATE TABLE `IWF_MAPS6A_VPLMN_ID_SGSN_MAP_TB` (
  `SGSN_MAP_ID` int(11) NOT NULL AUTO_INCREMENT,
  `IWF_MAPS6A_VPLMN_CONFIG_ID` int(11) DEFAULT NULL,
  `SGSN_NUMBER` varchar(25) DEFAULT NULL,
  PRIMARY KEY (`SGSN_MAP_ID`),
  UNIQUE KEY `SGSN_VPLMN` (`IWF_MAPS6A_VPLMN_CONFIG_ID`,`SGSN_NUMBER`),
  CONSTRAINT `IWF_MAPS6A_VPLMN_ID_SGSN_MAP_TB_ibfk_1` FOREIGN KEY (`IWF_MAPS6A_VPLMN_CONFIG_ID`) REFERENCES `IWF_MAPS6A_VPLMN_ID_CONFIG_TB` (`IWF_MAPS6A_VPLMN_CONFIG_ID`) ON DELETE CASCADE
) ENGINE=InnoDB DEFAULT CHARSET=latin1;
/*!40101 SET character_set_client = @saved_cs_client */;

--
-- Dumping data for table `IWF_MAPS6A_VPLMN_ID_SGSN_MAP_TB`
--

LOCK TABLES `IWF_MAPS6A_VPLMN_ID_SGSN_MAP_TB` WRITE;
/*!40000 ALTER TABLE `IWF_MAPS6A_VPLMN_ID_SGSN_MAP_TB` DISABLE KEYS */;
/*!40000 ALTER TABLE `IWF_MAPS6A_VPLMN_ID_SGSN_MAP_TB` ENABLE KEYS */;
UNLOCK TABLES;

--
-- Table structure for table `IWF_PROTOCOL_ACTION_RULE_TB`
--

DROP TABLE IF EXISTS `IWF_PROTOCOL_ACTION_RULE_TB`;
/*!40101 SET @saved_cs_client     = @@character_set_client */;
/*!40101 SET character_set_client = utf8 */;
CREATE TABLE `IWF_PROTOCOL_ACTION_RULE_TB` (
  `IWF_PROTOCOL_ACTION_RULE_ID` int(11) NOT NULL AUTO_INCREMENT,
  `ACTION_RULE_NAME` varchar(256) DEFAULT NULL,
  `PROTOCOL_ID` int(11) DEFAULT NULL,
  `ACTION_ID` int(11) DEFAULT NULL,
  PRIMARY KEY (`IWF_PROTOCOL_ACTION_RULE_ID`),
  UNIQUE KEY `PROTOCOLRULE` (`ACTION_RULE_NAME`),
  KEY `PROTOCOL_ID` (`PROTOCOL_ID`),
  CONSTRAINT `IWF_PROTOCOL_ACTION_RULE_TB_ibfk_1` FOREIGN KEY (`PROTOCOL_ID`) REFERENCES `IWF_PROTOCOL_TB` (`IWF_PROTOCOL_ID`)
) ENGINE=InnoDB AUTO_INCREMENT=2 DEFAULT CHARSET=latin1;
/*!40101 SET character_set_client = @saved_cs_client */;

--
-- Dumping data for table `IWF_PROTOCOL_ACTION_RULE_TB`
--

LOCK TABLES `IWF_PROTOCOL_ACTION_RULE_TB` WRITE;
/*!40000 ALTER TABLE `IWF_PROTOCOL_ACTION_RULE_TB` DISABLE KEYS */;
INSERT INTO `IWF_PROTOCOL_ACTION_RULE_TB` VALUES (1,'default-rrb-rule',1,1);
/*!40000 ALTER TABLE `IWF_PROTOCOL_ACTION_RULE_TB` ENABLE KEYS */;
UNLOCK TABLES;

--
-- Table structure for table `IWF_PROTOCOL_FAMILY_TB`
--

DROP TABLE IF EXISTS `IWF_PROTOCOL_FAMILY_TB`;
/*!40101 SET @saved_cs_client     = @@character_set_client */;
/*!40101 SET character_set_client = utf8 */;
CREATE TABLE `IWF_PROTOCOL_FAMILY_TB` (
  `IWF_PROTOCOL_FAMILY_ID` int(11) NOT NULL AUTO_INCREMENT,
  `FAMILY_NAME` varchar(20) DEFAULT NULL,
  PRIMARY KEY (`IWF_PROTOCOL_FAMILY_ID`),
  UNIQUE KEY `PRO_NAME` (`FAMILY_NAME`)
) ENGINE=InnoDB AUTO_INCREMENT=3 DEFAULT CHARSET=latin1;
/*!40101 SET character_set_client = @saved_cs_client */;

--
-- Dumping data for table `IWF_PROTOCOL_FAMILY_TB`
--

LOCK TABLES `IWF_PROTOCOL_FAMILY_TB` WRITE;
/*!40000 ALTER TABLE `IWF_PROTOCOL_FAMILY_TB` DISABLE KEYS */;
INSERT INTO `IWF_PROTOCOL_FAMILY_TB` VALUES (2,'ANSI'),(1,'ITU');
/*!40000 ALTER TABLE `IWF_PROTOCOL_FAMILY_TB` ENABLE KEYS */;
UNLOCK TABLES;

--
-- Table structure for table `IWF_PROTOCOL_TB`
--

DROP TABLE IF EXISTS `IWF_PROTOCOL_TB`;
/*!40101 SET @saved_cs_client     = @@character_set_client */;
/*!40101 SET character_set_client = utf8 */;
CREATE TABLE `IWF_PROTOCOL_TB` (
  `IWF_PROTOCOL_ID` int(11) NOT NULL AUTO_INCREMENT,
  `IWF_PROTOCOL_NAME` varchar(128) DEFAULT NULL,
  PRIMARY KEY (`IWF_PROTOCOL_ID`),
  UNIQUE KEY `PROTOCOLID` (`IWF_PROTOCOL_NAME`)
) ENGINE=InnoDB AUTO_INCREMENT=2 DEFAULT CHARSET=latin1;
/*!40101 SET character_set_client = @saved_cs_client */;

--
-- Dumping data for table `IWF_PROTOCOL_TB`
--

LOCK TABLES `IWF_PROTOCOL_TB` WRITE;
/*!40000 ALTER TABLE `IWF_PROTOCOL_TB` DISABLE KEYS */;
INSERT INTO `IWF_PROTOCOL_TB` VALUES (1,'CAP');
/*!40000 ALTER TABLE `IWF_PROTOCOL_TB` ENABLE KEYS */;
UNLOCK TABLES;

--
-- Table structure for table `IWF_S6AMAP_CONFIG_TB`
--

DROP TABLE IF EXISTS `IWF_S6AMAP_CONFIG_TB`;
/*!40101 SET @saved_cs_client     = @@character_set_client */;
/*!40101 SET character_set_client = utf8 */;
CREATE TABLE `IWF_S6AMAP_CONFIG_TB` (
  `IWF_S6AMAP_CONFIG_ID` int(11) NOT NULL AUTO_INCREMENT,
  `IWF_TRANSLATOR_ID` int(11) DEFAULT NULL,
  `SGSN_NUMBER` varchar(120) DEFAULT NULL,
  `ROUTING_PREFIX` varchar(20) DEFAULT NULL,
  PRIMARY KEY (`IWF_S6AMAP_CONFIG_ID`),
  UNIQUE KEY `TRANS_SGSN` (`IWF_TRANSLATOR_ID`,`SGSN_NUMBER`),
  CONSTRAINT `IWF_S6AMAP_CONFIG_TB_ibfk_1` FOREIGN KEY (`IWF_TRANSLATOR_ID`) REFERENCES `IWF_TRANSLATOR_TB` (`IWF_TRANSLATOR_ID`)
) ENGINE=InnoDB AUTO_INCREMENT=3 DEFAULT CHARSET=latin1;
/*!40101 SET character_set_client = @saved_cs_client */;

--
-- Dumping data for table `IWF_S6AMAP_CONFIG_TB`
--

LOCK TABLES `IWF_S6AMAP_CONFIG_TB` WRITE;
/*!40000 ALTER TABLE `IWF_S6AMAP_CONFIG_TB` DISABLE KEYS */;
INSERT INTO `IWF_S6AMAP_CONFIG_TB` VALUES (2,3,'1321414124','01');
/*!40000 ALTER TABLE `IWF_S6AMAP_CONFIG_TB` ENABLE KEYS */;
UNLOCK TABLES;

--
-- Table structure for table `IWF_S6AMAP_SGSN_ADDR_MAP`
--

DROP TABLE IF EXISTS `IWF_S6AMAP_SGSN_ADDR_MAP`;
/*!40101 SET @saved_cs_client     = @@character_set_client */;
/*!40101 SET character_set_client = utf8 */;
CREATE TABLE `IWF_S6AMAP_SGSN_ADDR_MAP` (
  `SGSN_ADDR_MAP_ID` int(11) NOT NULL AUTO_INCREMENT,
  `IWF_S6AMAP_CONFIG_ID` int(11) DEFAULT NULL,
  `ORIGIN_HOST` varchar(767) DEFAULT NULL,
  `IPADDRESS` varchar(20) DEFAULT NULL,
  PRIMARY KEY (`SGSN_ADDR_MAP_ID`),
  UNIQUE KEY `ORIGIN` (`ORIGIN_HOST`),
  KEY `IWF_S6AMAP_CONFIG_ID` (`IWF_S6AMAP_CONFIG_ID`),
  CONSTRAINT `IWF_S6AMAP_SGSN_ADDR_MAP_ibfk_1` FOREIGN KEY (`IWF_S6AMAP_CONFIG_ID`) REFERENCES `IWF_S6AMAP_CONFIG_TB` (`IWF_S6AMAP_CONFIG_ID`)
) ENGINE=InnoDB DEFAULT CHARSET=latin1;
/*!40101 SET character_set_client = @saved_cs_client */;

--
-- Dumping data for table `IWF_S6AMAP_SGSN_ADDR_MAP`
--

LOCK TABLES `IWF_S6AMAP_SGSN_ADDR_MAP` WRITE;
/*!40000 ALTER TABLE `IWF_S6AMAP_SGSN_ADDR_MAP` DISABLE KEYS */;
/*!40000 ALTER TABLE `IWF_S6AMAP_SGSN_ADDR_MAP` ENABLE KEYS */;
UNLOCK TABLES;

--
-- Table structure for table `IWF_S6AMAP_SGSN_PREFIX_MAP`
--

DROP TABLE IF EXISTS `IWF_S6AMAP_SGSN_PREFIX_MAP`;
/*!40101 SET @saved_cs_client     = @@character_set_client */;
/*!40101 SET character_set_client = utf8 */;
CREATE TABLE `IWF_S6AMAP_SGSN_PREFIX_MAP` (
  `SGSN_PREFIX_MAP_ID` int(11) NOT NULL AUTO_INCREMENT,
  `IWF_S6AMAP_CONFIG_ID` int(11) DEFAULT NULL,
  `VPLMN_ID` varchar(20) DEFAULT NULL,
  `SGSN_PREFIX` varchar(20) DEFAULT NULL,
  PRIMARY KEY (`SGSN_PREFIX_MAP_ID`),
  UNIQUE KEY `ORIGIN` (`VPLMN_ID`),
  KEY `IWF_S6AMAP_CONFIG_ID` (`IWF_S6AMAP_CONFIG_ID`),
  CONSTRAINT `IWF_S6AMAP_SGSN_PREFIX_MAP_ibfk_1` FOREIGN KEY (`IWF_S6AMAP_CONFIG_ID`) REFERENCES `IWF_S6AMAP_CONFIG_TB` (`IWF_S6AMAP_CONFIG_ID`)
) ENGINE=InnoDB AUTO_INCREMENT=4 DEFAULT CHARSET=latin1;
/*!40101 SET character_set_client = @saved_cs_client */;

--
-- Dumping data for table `IWF_S6AMAP_SGSN_PREFIX_MAP`
--

LOCK TABLES `IWF_S6AMAP_SGSN_PREFIX_MAP` WRITE;
/*!40000 ALTER TABLE `IWF_S6AMAP_SGSN_PREFIX_MAP` DISABLE KEYS */;
INSERT INTO `IWF_S6AMAP_SGSN_PREFIX_MAP` VALUES (3,2,'12345','01');
/*!40000 ALTER TABLE `IWF_S6AMAP_SGSN_PREFIX_MAP` ENABLE KEYS */;
UNLOCK TABLES;

--
-- Table structure for table `IWF_SCTP_ENDPOINT_TB`
--

DROP TABLE IF EXISTS `IWF_SCTP_ENDPOINT_TB`;
/*!40101 SET @saved_cs_client     = @@character_set_client */;
/*!40101 SET character_set_client = utf8 */;
CREATE TABLE `IWF_SCTP_ENDPOINT_TB` (
  `IWF_SCTP_ENDPOINT_ID` int(11) NOT NULL AUTO_INCREMENT,
  `ENDPOINT_NAME` varchar(120) DEFAULT NULL,
  `ENDPOINT_TYPE` varchar(6) DEFAULT NULL,
  `IP_ADDRESS` varchar(20) DEFAULT NULL,
  `PORT` int(11) DEFAULT NULL,
  `TRANSPORT_TYPE` varchar(10) DEFAULT NULL,
  `IS_CLIENT` tinyint(1) DEFAULT '1',
  PRIMARY KEY (`IWF_SCTP_ENDPOINT_ID`),
  UNIQUE KEY `ENDPOINT_NAME` (`ENDPOINT_NAME`)
) ENGINE=InnoDB AUTO_INCREMENT=3 DEFAULT CHARSET=latin1;
/*!40101 SET character_set_client = @saved_cs_client */;

--
-- Dumping data for table `IWF_SCTP_ENDPOINT_TB`
--

LOCK TABLES `IWF_SCTP_ENDPOINT_TB` WRITE;
/*!40000 ALTER TABLE `IWF_SCTP_ENDPOINT_TB` DISABLE KEYS */;
INSERT INTO `IWF_SCTP_ENDPOINT_TB` VALUES (1,'local',NULL,'{{ iwf_sccp_tb_local_ip }}',{{ iwf_sccp_tb_local_port_01 }},NULL,1),(2,'remote',NULL,'{{ iwf_sccp_tb_remote_ip }}',{{ iwf_sccp_tb_remote_port_01 }},NULL,1);
/*!40000 ALTER TABLE `IWF_SCTP_ENDPOINT_TB` ENABLE KEYS */;
UNLOCK TABLES;

--
-- Table structure for table `IWF_SIGTRAN_ASSOCIATION_TB`
--

DROP TABLE IF EXISTS `IWF_SIGTRAN_ASSOCIATION_TB`;
/*!40101 SET @saved_cs_client     = @@character_set_client */;
/*!40101 SET character_set_client = utf8 */;
CREATE TABLE `IWF_SIGTRAN_ASSOCIATION_TB` (
  `IWF_SIGTRAN_ASSOC_ID` int(11) NOT NULL AUTO_INCREMENT,
  `IWF_SIGTRAN_ASSOC_NAME` varchar(120) DEFAULT NULL,
  `IWF_SIGTRAN_SCTP_PROFILE_ID` int(11) DEFAULT '1',
  `IWF_LOCAL_SCTP_ENDPOINT_ID` int(11) DEFAULT NULL,
  `IWF_REMOTE_SCTP_ENDPOINT_ID` int(11) DEFAULT NULL,
  `ASP_ID` int(11) DEFAULT NULL,
  `STATUS` tinyint(1) DEFAULT '0',
  PRIMARY KEY (`IWF_SIGTRAN_ASSOC_ID`),
  UNIQUE KEY `ASSOC_NAME` (`IWF_SIGTRAN_ASSOC_NAME`),
  KEY `IWF_SIGTRAN_SCTP_PROFILE_ID` (`IWF_SIGTRAN_SCTP_PROFILE_ID`),
  KEY `IWF_LOCAL_SCTP_ENDPOINT_ID` (`IWF_LOCAL_SCTP_ENDPOINT_ID`),
  KEY `IWF_REMOTE_SCTP_ENDPOINT_ID` (`IWF_REMOTE_SCTP_ENDPOINT_ID`),
  CONSTRAINT `IWF_SIGTRAN_ASSOCIATION_TB_ibfk_1` FOREIGN KEY (`IWF_SIGTRAN_SCTP_PROFILE_ID`) REFERENCES `IWF_SIGTRAN_SCTP_PROFILE_TB` (`IWF_SIGTRAN_SCTP_PROFILE_ID`),
  CONSTRAINT `IWF_SIGTRAN_ASSOCIATION_TB_ibfk_2` FOREIGN KEY (`IWF_LOCAL_SCTP_ENDPOINT_ID`) REFERENCES `IWF_SCTP_ENDPOINT_TB` (`IWF_SCTP_ENDPOINT_ID`),
  CONSTRAINT `IWF_SIGTRAN_ASSOCIATION_TB_ibfk_3` FOREIGN KEY (`IWF_REMOTE_SCTP_ENDPOINT_ID`) REFERENCES `IWF_SCTP_ENDPOINT_TB` (`IWF_SCTP_ENDPOINT_ID`)
) ENGINE=InnoDB AUTO_INCREMENT=2 DEFAULT CHARSET=latin1;
/*!40101 SET character_set_client = @saved_cs_client */;

--
-- Dumping data for table `IWF_SIGTRAN_ASSOCIATION_TB`
--

LOCK TABLES `IWF_SIGTRAN_ASSOCIATION_TB` WRITE;
/*!40000 ALTER TABLE `IWF_SIGTRAN_ASSOCIATION_TB` DISABLE KEYS */;
INSERT INTO `IWF_SIGTRAN_ASSOCIATION_TB` VALUES (1,'assoc1',1,1,2,1,0);
/*!40000 ALTER TABLE `IWF_SIGTRAN_ASSOCIATION_TB` ENABLE KEYS */;
UNLOCK TABLES;

--
-- Table structure for table `IWF_SIGTRAN_ASSOC_SET_MAPPING_TB`
--

DROP TABLE IF EXISTS `IWF_SIGTRAN_ASSOC_SET_MAPPING_TB`;
/*!40101 SET @saved_cs_client     = @@character_set_client */;
/*!40101 SET character_set_client = utf8 */;
CREATE TABLE `IWF_SIGTRAN_ASSOC_SET_MAPPING_TB` (
  `IWF_SIGTRAN_ASSOC_SET_MAPPING_ID` int(11) NOT NULL AUTO_INCREMENT,
  `IWF_SIGTRAN_ASSOC_SET_ID` int(11) NOT NULL,
  `IWF_SIGTRAN_ASSOC_ID` int(11) NOT NULL,
  `IWF_SIGTRAN_ASSOC_MAPPING_ID` int(11) NOT NULL,
  PRIMARY KEY (`IWF_SIGTRAN_ASSOC_SET_MAPPING_ID`),
  UNIQUE KEY `ASSOC_ASSOCSET` (`IWF_SIGTRAN_ASSOC_SET_ID`,`IWF_SIGTRAN_ASSOC_ID`),
  KEY `IWF_SIGTRAN_ASSOC_ID` (`IWF_SIGTRAN_ASSOC_ID`),
  CONSTRAINT `IWF_SIGTRAN_ASSOC_SET_MAPPING_TB_ibfk_1` FOREIGN KEY (`IWF_SIGTRAN_ASSOC_SET_ID`) REFERENCES `IWF_SIGTRAN_ASSOC_SET_TB` (`IWF_SIGTRAN_ASSOC_SET_ID`),
  CONSTRAINT `IWF_SIGTRAN_ASSOC_SET_MAPPING_TB_ibfk_2` FOREIGN KEY (`IWF_SIGTRAN_ASSOC_ID`) REFERENCES `IWF_SIGTRAN_ASSOCIATION_TB` (`IWF_SIGTRAN_ASSOC_ID`)
) ENGINE=InnoDB AUTO_INCREMENT=2 DEFAULT CHARSET=latin1;
/*!40101 SET character_set_client = @saved_cs_client */;

--
-- Dumping data for table `IWF_SIGTRAN_ASSOC_SET_MAPPING_TB`
--

LOCK TABLES `IWF_SIGTRAN_ASSOC_SET_MAPPING_TB` WRITE;
/*!40000 ALTER TABLE `IWF_SIGTRAN_ASSOC_SET_MAPPING_TB` DISABLE KEYS */;
INSERT INTO `IWF_SIGTRAN_ASSOC_SET_MAPPING_TB` VALUES (1,2,1,0);
/*!40000 ALTER TABLE `IWF_SIGTRAN_ASSOC_SET_MAPPING_TB` ENABLE KEYS */;
UNLOCK TABLES;

--
-- Table structure for table `IWF_SIGTRAN_ASSOC_SET_TB`
--

DROP TABLE IF EXISTS `IWF_SIGTRAN_ASSOC_SET_TB`;
/*!40101 SET @saved_cs_client     = @@character_set_client */;
/*!40101 SET character_set_client = utf8 */;
CREATE TABLE `IWF_SIGTRAN_ASSOC_SET_TB` (
  `IWF_SIGTRAN_ASSOC_SET_ID` int(11) NOT NULL AUTO_INCREMENT,
  `IWF_SIGTRAN_ASSOC_SET_NAME` varchar(120) DEFAULT NULL,
  `NI` int(11) DEFAULT NULL,
  `APC` int(11) DEFAULT NULL,
  `ROUTING_CONTEXT` int(11) DEFAULT NULL,
  `TRAFFIC_MODE` varchar(20) DEFAULT NULL,
  `ASP_ID` int(11) DEFAULT NULL,
  `STATUS` tinyint(1) DEFAULT '0',
  `HOME_IP` varchar(120) DEFAULT NULL,
  `IS_MEMBER` int(11) DEFAULT '1',
  PRIMARY KEY (`IWF_SIGTRAN_ASSOC_SET_ID`),
  UNIQUE KEY `ASSOCSET_NAME` (`IWF_SIGTRAN_ASSOC_SET_NAME`)
) ENGINE=InnoDB AUTO_INCREMENT=3 DEFAULT CHARSET=latin1;
/*!40101 SET character_set_client = @saved_cs_client */;

--
-- Dumping data for table `IWF_SIGTRAN_ASSOC_SET_TB`
--

LOCK TABLES `IWF_SIGTRAN_ASSOC_SET_TB` WRITE;
/*!40000 ALTER TABLE `IWF_SIGTRAN_ASSOC_SET_TB` DISABLE KEYS */;
INSERT INTO `IWF_SIGTRAN_ASSOC_SET_TB` VALUES (2,'set1',0,4114,1,'overRideMode',NULL,0,NULL,1);
/*!40000 ALTER TABLE `IWF_SIGTRAN_ASSOC_SET_TB` ENABLE KEYS */;
UNLOCK TABLES;

--
-- Table structure for table `IWF_SIGTRAN_DESTINATION_TB`
--

DROP TABLE IF EXISTS `IWF_SIGTRAN_DESTINATION_TB`;
/*!40101 SET @saved_cs_client     = @@character_set_client */;
/*!40101 SET character_set_client = utf8 */;
CREATE TABLE `IWF_SIGTRAN_DESTINATION_TB` (
  `IWF_SIGTRAN_DESTINATION_ID` int(11) NOT NULL AUTO_INCREMENT,
  `DEST_NAME` varchar(120) DEFAULT NULL,
  `IWF_PROTOCOL_FAMILY_ID` int(11) DEFAULT NULL,
  `ADDRESS_STYLE` varchar(20) DEFAULT NULL,
  `POINTCODE` int(11) DEFAULT NULL,
  `NI` int(11) DEFAULT NULL,
  `ADDRESS_TYPE` varchar(20) DEFAULT NULL,
  `SSN` int(11) DEFAULT NULL,
  `GTI` int(11) DEFAULT NULL,
  `TRANSLATION_TYPE` int(11) DEFAULT NULL,
  `NUMBERING_PLAN` int(11) DEFAULT NULL,
  `ENCODING_SCHEME` int(11) DEFAULT NULL,
  `NATURE_OF_ADDRESS_INDICATOR` int(11) DEFAULT NULL,
  `SIO` int(11) DEFAULT NULL,
  `GT_ADDR_DIGITS` varchar(120) DEFAULT NULL,
  PRIMARY KEY (`IWF_SIGTRAN_DESTINATION_ID`),
  UNIQUE KEY `DEST_NAME` (`DEST_NAME`)
) ENGINE=InnoDB AUTO_INCREMENT=2 DEFAULT CHARSET=latin1;
/*!40101 SET character_set_client = @saved_cs_client */;

--
-- Dumping data for table `IWF_SIGTRAN_DESTINATION_TB`
--

LOCK TABLES `IWF_SIGTRAN_DESTINATION_TB` WRITE;
/*!40000 ALTER TABLE `IWF_SIGTRAN_DESTINATION_TB` DISABLE KEYS */;
INSERT INTO `IWF_SIGTRAN_DESTINATION_TB` VALUES (1,'dest1',NULL,NULL,4114,0,'PC-SSN',146,NULL,NULL,NULL,NULL,NULL,NULL,NULL);
/*!40000 ALTER TABLE `IWF_SIGTRAN_DESTINATION_TB` ENABLE KEYS */;
UNLOCK TABLES;

--
-- Table structure for table `IWF_SIGTRAN_MULTIHOMING_TB`
--

DROP TABLE IF EXISTS `IWF_SIGTRAN_MULTIHOMING_TB`;
/*!40101 SET @saved_cs_client     = @@character_set_client */;
/*!40101 SET character_set_client = utf8 */;
CREATE TABLE `IWF_SIGTRAN_MULTIHOMING_TB` (
  `IWF_SIGTRAN_MULTIHOMING_ID` int(11) NOT NULL AUTO_INCREMENT,
  `IWF_SCTP_ENDPOINT_ID` int(11) DEFAULT NULL,
  `OTHERHOME_IPADDR` varchar(20) DEFAULT NULL,
  PRIMARY KEY (`IWF_SIGTRAN_MULTIHOMING_ID`),
  KEY `IWF_SCTP_ENDPOINT_ID` (`IWF_SCTP_ENDPOINT_ID`),
  CONSTRAINT `IWF_SIGTRAN_MULTIHOMING_TB_ibfk_1` FOREIGN KEY (`IWF_SCTP_ENDPOINT_ID`) REFERENCES `IWF_SCTP_ENDPOINT_TB` (`IWF_SCTP_ENDPOINT_ID`)
) ENGINE=InnoDB DEFAULT CHARSET=latin1;
/*!40101 SET character_set_client = @saved_cs_client */;

--
-- Dumping data for table `IWF_SIGTRAN_MULTIHOMING_TB`
--

LOCK TABLES `IWF_SIGTRAN_MULTIHOMING_TB` WRITE;
/*!40000 ALTER TABLE `IWF_SIGTRAN_MULTIHOMING_TB` DISABLE KEYS */;
/*!40000 ALTER TABLE `IWF_SIGTRAN_MULTIHOMING_TB` ENABLE KEYS */;
UNLOCK TABLES;

--
-- Table structure for table `IWF_SIGTRAN_REMOTE_ROUTE_TB`
--

DROP TABLE IF EXISTS `IWF_SIGTRAN_REMOTE_ROUTE_TB`;
/*!40101 SET @saved_cs_client     = @@character_set_client */;
/*!40101 SET character_set_client = utf8 */;
CREATE TABLE `IWF_SIGTRAN_REMOTE_ROUTE_TB` (
  `IWF_SIGTRAN_REMOTE_ROUTE_ID` int(11) NOT NULL AUTO_INCREMENT,
  `REMOTE_ROUTE_NAME` varchar(120) DEFAULT NULL,
  `IWF_SIGTRAN_ASSOC_SET_ID` int(11) DEFAULT NULL,
  `IWF_SIGTRAN_DESTINATION_ID` int(11) DEFAULT NULL,
  `PRIORITY` int(11) DEFAULT NULL,
  PRIMARY KEY (`IWF_SIGTRAN_REMOTE_ROUTE_ID`),
  UNIQUE KEY `REMOTE_NAME` (`REMOTE_ROUTE_NAME`),
  KEY `IWF_SIGTRAN_ASSOC_SET_ID` (`IWF_SIGTRAN_ASSOC_SET_ID`),
  KEY `IWF_SIGTRAN_DESTINATION_ID` (`IWF_SIGTRAN_DESTINATION_ID`),
  CONSTRAINT `IWF_SIGTRAN_REMOTE_ROUTE_TB_ibfk_1` FOREIGN KEY (`IWF_SIGTRAN_ASSOC_SET_ID`) REFERENCES `IWF_SIGTRAN_ASSOC_SET_TB` (`IWF_SIGTRAN_ASSOC_SET_ID`),
  CONSTRAINT `IWF_SIGTRAN_REMOTE_ROUTE_TB_ibfk_2` FOREIGN KEY (`IWF_SIGTRAN_DESTINATION_ID`) REFERENCES `IWF_SIGTRAN_DESTINATION_TB` (`IWF_SIGTRAN_DESTINATION_ID`)
) ENGINE=InnoDB AUTO_INCREMENT=2 DEFAULT CHARSET=latin1;
/*!40101 SET character_set_client = @saved_cs_client */;

--
-- Dumping data for table `IWF_SIGTRAN_REMOTE_ROUTE_TB`
--

LOCK TABLES `IWF_SIGTRAN_REMOTE_ROUTE_TB` WRITE;
/*!40000 ALTER TABLE `IWF_SIGTRAN_REMOTE_ROUTE_TB` DISABLE KEYS */;
INSERT INTO `IWF_SIGTRAN_REMOTE_ROUTE_TB` VALUES (1,'route1',2,1,1);
/*!40000 ALTER TABLE `IWF_SIGTRAN_REMOTE_ROUTE_TB` ENABLE KEYS */;
UNLOCK TABLES;

--
-- Table structure for table `IWF_SIGTRAN_SCTP_PROFILE_TB`
--

DROP TABLE IF EXISTS `IWF_SIGTRAN_SCTP_PROFILE_TB`;
/*!40101 SET @saved_cs_client     = @@character_set_client */;
/*!40101 SET character_set_client = utf8 */;
CREATE TABLE `IWF_SIGTRAN_SCTP_PROFILE_TB` (
  `IWF_SIGTRAN_SCTP_PROFILE_ID` int(11) NOT NULL AUTO_INCREMENT,
  `IWF_SIGTRAN_SCTP_PROFILE_NAME` varchar(120) DEFAULT NULL,
  `HEARTBEAT_ENABLE` int(11) DEFAULT '1',
  `HEARTBEAT_TIMEOUT` int(11) DEFAULT '30000',
  `INIT_TIMEOUT` int(11) DEFAULT '5000',
  `ASSOC_MAX_ATTEMPTS` int(11) DEFAULT '10',
  `MAX_ATTEMPTS` int(11) DEFAULT '8',
  `RTO_MAX` int(11) DEFAULT '2000',
  `RTO_MIN` int(11) DEFAULT '60',
  `RTO_INITIAL` int(11) DEFAULT '2000',
  `PATH_FAILURE_RETRY_COUNT` int(11) DEFAULT '5',
  `MAX_IN_STREAMS` int(11) DEFAULT '32',
  `NUM_OUT_STREAMS` int(11) DEFAULT '32',
  `COOKIE_LIFE` int(11) DEFAULT '60',
  `SEND_TIME_OUT` int(11) DEFAULT '1000',
  `RECEIVE_TIME_OUT` int(11) DEFAULT '300',
  `SHUTDOWN_TIMEOUT` int(11) DEFAULT '5000',
  `PMTU_TIMEOUT` int(11) DEFAULT '6000',
  `SEND_BUF_SIZE` int(11) DEFAULT '102400',
  `RECV_BUF_SIZE` int(11) DEFAULT '102400',
  `SACK_DELAY` int(11) DEFAULT '200',
  `RECONNECT_TIMEOUT` int(11) DEFAULT '5000',
  PRIMARY KEY (`IWF_SIGTRAN_SCTP_PROFILE_ID`),
  UNIQUE KEY `SCTP_NAME` (`IWF_SIGTRAN_SCTP_PROFILE_NAME`)
) ENGINE=InnoDB AUTO_INCREMENT=2 DEFAULT CHARSET=latin1;
/*!40101 SET character_set_client = @saved_cs_client */;

--
-- Dumping data for table `IWF_SIGTRAN_SCTP_PROFILE_TB`
--

LOCK TABLES `IWF_SIGTRAN_SCTP_PROFILE_TB` WRITE;
/*!40000 ALTER TABLE `IWF_SIGTRAN_SCTP_PROFILE_TB` DISABLE KEYS */;
INSERT INTO `IWF_SIGTRAN_SCTP_PROFILE_TB` VALUES (1,'default_sctp',1,30000,5000,10,8,2000,60,2000,5,32,32,60,1000,300,5000,6000,102400,102400,200,5000);
/*!40000 ALTER TABLE `IWF_SIGTRAN_SCTP_PROFILE_TB` ENABLE KEYS */;
UNLOCK TABLES;

--
-- Table structure for table `IWF_SIGTRAN_UAL_MANAGER_TB`
--

DROP TABLE IF EXISTS `IWF_SIGTRAN_UAL_MANAGER_TB`;
/*!40101 SET @saved_cs_client     = @@character_set_client */;
/*!40101 SET character_set_client = utf8 */;
CREATE TABLE `IWF_SIGTRAN_UAL_MANAGER_TB` (
  `IWF_SIGTRAN_UAL_MANAGER_ID` int(11) NOT NULL AUTO_INCREMENT,
  `ACK_TIMER` int(11) DEFAULT NULL,
  `SIGTRAN_MODE` varchar(20) DEFAULT NULL,
  PRIMARY KEY (`IWF_SIGTRAN_UAL_MANAGER_ID`)
) ENGINE=InnoDB AUTO_INCREMENT=2 DEFAULT CHARSET=latin1;
/*!40101 SET character_set_client = @saved_cs_client */;

--
-- Dumping data for table `IWF_SIGTRAN_UAL_MANAGER_TB`
--

LOCK TABLES `IWF_SIGTRAN_UAL_MANAGER_TB` WRITE;
/*!40000 ALTER TABLE `IWF_SIGTRAN_UAL_MANAGER_TB` DISABLE KEYS */;
INSERT INTO `IWF_SIGTRAN_UAL_MANAGER_TB` VALUES (1,30,'ASP');
/*!40000 ALTER TABLE `IWF_SIGTRAN_UAL_MANAGER_TB` ENABLE KEYS */;
UNLOCK TABLES;

--
-- Table structure for table `IWF_TIMER_TB`
--

DROP TABLE IF EXISTS `IWF_TIMER_TB`;
/*!40101 SET @saved_cs_client     = @@character_set_client */;
/*!40101 SET character_set_client = utf8 */;
CREATE TABLE `IWF_TIMER_TB` (
  `IWF_TIMER_ID` int(11) NOT NULL AUTO_INCREMENT,
  `IWF_TIMER_NAME` varchar(125) DEFAULT NULL,
  `IWF_TIMER_VALUE` int(11) DEFAULT NULL,
  PRIMARY KEY (`IWF_TIMER_ID`),
  UNIQUE KEY `TIMER_NAME` (`IWF_TIMER_NAME`)
) ENGINE=InnoDB AUTO_INCREMENT=7 DEFAULT CHARSET=latin1;
/*!40101 SET character_set_client = @saved_cs_client */;

--
-- Dumping data for table `IWF_TIMER_TB`
--

LOCK TABLES `IWF_TIMER_TB` WRITE;
/*!40000 ALTER TABLE `IWF_TIMER_TB` DISABLE KEYS */;
INSERT INTO `IWF_TIMER_TB` VALUES (1,'VOICE_NO_ANSWER_TIMER',180),(2,'NETWORK_DELAY_TIMER',5),(3,'SMS_NO_EVENT_TIMER',180),(4,'NO_ACTIVITY_TIMER',30),(5,'ACTIVITY_RETRY_COUNT',2),(6,'ACTIVITY_RESPONSE_TIMEOUT',4);
/*!40000 ALTER TABLE `IWF_TIMER_TB` ENABLE KEYS */;
UNLOCK TABLES;

--
-- Table structure for table `IWF_TRANSLATOR_RULE_TB`
--

DROP TABLE IF EXISTS `IWF_TRANSLATOR_RULE_TB`;
/*!40101 SET @saved_cs_client     = @@character_set_client */;
/*!40101 SET character_set_client = utf8 */;
CREATE TABLE `IWF_TRANSLATOR_RULE_TB` (
  `IWF_TRANSLATOR_RULE_ID` int(11) NOT NULL AUTO_INCREMENT,
  `RULE_NAME` varchar(120) DEFAULT NULL,
  `IWF_TRANSLATOR_TYPE_ID` int(11) DEFAULT NULL,
  `IWF_TRANSLATOR_ID` int(11) DEFAULT NULL,
  `DESTINATION_NAME` varchar(1024) DEFAULT NULL,
  `DESTINATION_HOST` varchar(1024) DEFAULT NULL,
  `ALTERNATE_REALM` varchar(1024) DEFAULT NULL,
  `ALTERNATE_HOST` varchar(1024) DEFAULT NULL,
  `MNC` varchar(3) DEFAULT NULL,
  `MCC` varchar(4) DEFAULT NULL,
  `APPLICATION_ID` varchar(10) DEFAULT NULL,
  `OSSN` int(11) DEFAULT NULL,
  `DSSN` int(11) DEFAULT NULL,
  `HTTP_URL` varchar(30) DEFAULT NULL,
  `WEB_SERVICE` varchar(30) DEFAULT NULL,
  `IS_RANGE` tinyint(1) DEFAULT NULL,
  `SERVICE_KEY_START_VALUE` int(11) DEFAULT NULL,
  `SERVICE_KEY_END_VALUE` int(11) DEFAULT NULL,
  `CALLING_GT_ADDR_DIGITS` varchar(60) DEFAULT NULL,
  `SERVICE_CONTEXT_ID` varchar(60) DEFAULT NULL,
  `SERVICE_KEY` varchar(2048) DEFAULT NULL,
  `IMSI_PREFIX` varchar(15) DEFAULT NULL,
  `PRO_ACTION_RULE` varchar(256) DEFAULT NULL,
  PRIMARY KEY (`IWF_TRANSLATOR_RULE_ID`),
  UNIQUE KEY `RULE` (`RULE_NAME`),
  UNIQUE KEY `MNC_MCC_APPID` (`MNC`,`MCC`,`APPLICATION_ID`),
  KEY `IWF_TRANSLATOR_TYPE_ID` (`IWF_TRANSLATOR_TYPE_ID`),
  KEY `IWF_TRANSLATOR_ID` (`IWF_TRANSLATOR_ID`),
  CONSTRAINT `IWF_TRANSLATOR_RULE_TB_ibfk_1` FOREIGN KEY (`IWF_TRANSLATOR_TYPE_ID`) REFERENCES `IWF_TRANSLATOR_TYPE_TB` (`IWF_TRANSLATOR_TYPE_ID`),
  CONSTRAINT `IWF_TRANSLATOR_RULE_TB_ibfk_2` FOREIGN KEY (`IWF_TRANSLATOR_ID`) REFERENCES `IWF_TRANSLATOR_TB` (`IWF_TRANSLATOR_ID`)
) ENGINE=InnoDB AUTO_INCREMENT=3 DEFAULT CHARSET=latin1;
/*!40101 SET character_set_client = @saved_cs_client */;

--
-- Dumping data for table `IWF_TRANSLATOR_RULE_TB`
--

LOCK TABLES `IWF_TRANSLATOR_RULE_TB` WRITE;
/*!40000 ALTER TABLE `IWF_TRANSLATOR_RULE_TB` DISABLE KEYS */;
INSERT INTO `IWF_TRANSLATOR_RULE_TB` VALUES (1,'rule1',1,2,'diametriq.com',NULL,NULL,NULL,NULL,NULL,'4',146,146,NULL,NULL,0,NULL,NULL,NULL,'iwf@72346','100,102,105,106','40412','default-rrb-rule'),(2,'rule2',1,2,'diametriq.com',NULL,NULL,NULL,NULL,NULL,'4',146,146,NULL,NULL,1,NULL,NULL,NULL,'iwf@72346','100 - 200','00000','default-rrb-rule');
/*!40000 ALTER TABLE `IWF_TRANSLATOR_RULE_TB` ENABLE KEYS */;
UNLOCK TABLES;

--
-- Table structure for table `IWF_TRANSLATOR_TB`
--

DROP TABLE IF EXISTS `IWF_TRANSLATOR_TB`;
/*!40101 SET @saved_cs_client     = @@character_set_client */;
/*!40101 SET character_set_client = utf8 */;
CREATE TABLE `IWF_TRANSLATOR_TB` (
  `IWF_TRANSLATOR_ID` int(11) NOT NULL AUTO_INCREMENT,
  `IWF_TRANSLATOR` varchar(20) DEFAULT NULL,
  PRIMARY KEY (`IWF_TRANSLATOR_ID`),
  UNIQUE KEY `TRANS` (`IWF_TRANSLATOR`)
) ENGINE=InnoDB AUTO_INCREMENT=5 DEFAULT CHARSET=latin1;
/*!40101 SET character_set_client = @saved_cs_client */;

--
-- Dumping data for table `IWF_TRANSLATOR_TB`
--

LOCK TABLES `IWF_TRANSLATOR_TB` WRITE;
/*!40000 ALTER TABLE `IWF_TRANSLATOR_TB` DISABLE KEYS */;
INSERT INTO `IWF_TRANSLATOR_TB` VALUES (1,'CAP-Ro'),(2,'CAP-Ro-TSL'),(4,'MAP-s6a'),(3,'s6a-MAP');
/*!40000 ALTER TABLE `IWF_TRANSLATOR_TB` ENABLE KEYS */;
UNLOCK TABLES;

--
-- Table structure for table `IWF_TRANSLATOR_TYPE_TB`
--

DROP TABLE IF EXISTS `IWF_TRANSLATOR_TYPE_TB`;
/*!40101 SET @saved_cs_client     = @@character_set_client */;
/*!40101 SET character_set_client = utf8 */;
CREATE TABLE `IWF_TRANSLATOR_TYPE_TB` (
  `IWF_TRANSLATOR_TYPE_ID` int(11) NOT NULL AUTO_INCREMENT,
  `IWF_TRANSLATOR_TYPE` varchar(120) DEFAULT NULL,
  PRIMARY KEY (`IWF_TRANSLATOR_TYPE_ID`),
  UNIQUE KEY `TRANS_TYPE` (`IWF_TRANSLATOR_TYPE`)
) ENGINE=InnoDB AUTO_INCREMENT=4 DEFAULT CHARSET=latin1;
/*!40101 SET character_set_client = @saved_cs_client */;

--
-- Dumping data for table `IWF_TRANSLATOR_TYPE_TB`
--

LOCK TABLES `IWF_TRANSLATOR_TYPE_TB` WRITE;
/*!40000 ALTER TABLE `IWF_TRANSLATOR_TYPE_TB` DISABLE KEYS */;
INSERT INTO `IWF_TRANSLATOR_TYPE_TB` VALUES (2,'DIAMETER'),(3,'HTTP'),(1,'SS7');
/*!40000 ALTER TABLE `IWF_TRANSLATOR_TYPE_TB` ENABLE KEYS */;
UNLOCK TABLES;

--
-- Table structure for table `IWF_TRANSLATOR_VPLMN_ID_TB`
--

DROP TABLE IF EXISTS `IWF_TRANSLATOR_VPLMN_ID_TB`;
/*!40101 SET @saved_cs_client     = @@character_set_client */;
/*!40101 SET character_set_client = utf8 */;
CREATE TABLE `IWF_TRANSLATOR_VPLMN_ID_TB` (
  `IWF_TRANSLATOR_VPLMN_ID` int(11) NOT NULL AUTO_INCREMENT,
  `VPLMN_ID` varchar(25) DEFAULT NULL,
  `IWF_TRANSLATOR_RULE_ID` int(11) DEFAULT NULL,
  PRIMARY KEY (`IWF_TRANSLATOR_VPLMN_ID`),
  UNIQUE KEY `VPLMN` (`VPLMN_ID`,`IWF_TRANSLATOR_RULE_ID`),
  KEY `IWF_TRANSLATOR_RULE_ID` (`IWF_TRANSLATOR_RULE_ID`),
  CONSTRAINT `IWF_TRANSLATOR_VPLMN_ID_TB_ibfk_1` FOREIGN KEY (`IWF_TRANSLATOR_RULE_ID`) REFERENCES `IWF_TRANSLATOR_RULE_TB` (`IWF_TRANSLATOR_RULE_ID`) ON DELETE CASCADE
) ENGINE=InnoDB DEFAULT CHARSET=latin1;
/*!40101 SET character_set_client = @saved_cs_client */;

--
-- Dumping data for table `IWF_TRANSLATOR_VPLMN_ID_TB`
--

LOCK TABLES `IWF_TRANSLATOR_VPLMN_ID_TB` WRITE;
/*!40000 ALTER TABLE `IWF_TRANSLATOR_VPLMN_ID_TB` DISABLE KEYS */;
/*!40000 ALTER TABLE `IWF_TRANSLATOR_VPLMN_ID_TB` ENABLE KEYS */;
UNLOCK TABLES;

--
-- Table structure for table `LB_ALGORITHM_TB`
--

DROP TABLE IF EXISTS `LB_ALGORITHM_TB`;
/*!40101 SET @saved_cs_client     = @@character_set_client */;
/*!40101 SET character_set_client = utf8 */;
CREATE TABLE `LB_ALGORITHM_TB` (
  `LB_METHOD_ID` int(11) NOT NULL AUTO_INCREMENT,
  `LB_METHOD` varchar(128) NOT NULL,
  `DESCRIPTION` varchar(200) DEFAULT NULL,
  `SUPPORTED_MODULES` int(11) NOT NULL,
  PRIMARY KEY (`LB_METHOD_ID`)
) ENGINE=InnoDB AUTO_INCREMENT=7 DEFAULT CHARSET=latin1;
/*!40101 SET character_set_client = @saved_cs_client */;

--
-- Dumping data for table `LB_ALGORITHM_TB`
--

LOCK TABLES `LB_ALGORITHM_TB` WRITE;
/*!40000 ALTER TABLE `LB_ALGORITHM_TB` DISABLE KEYS */;
INSERT INTO `LB_ALGORITHM_TB` VALUES (1,'round-robin','Round Robin Algorithm.',3),(2,'imsi-db','Routing based on IMSI configuration.',2),(3,'weighted','Weight Based distribution Algorithm.',2),(4,'priority','Priority Based Algorithm.',2),(5,'multicast','Multi cast Based Algorithm.',1),(6,'failover','Failover Algorithm.',1);
/*!40000 ALTER TABLE `LB_ALGORITHM_TB` ENABLE KEYS */;
UNLOCK TABLES;

--
-- Table structure for table `LOCAL_TRANSPORT_TAG_TB`
--

DROP TABLE IF EXISTS `LOCAL_TRANSPORT_TAG_TB`;
/*!40101 SET @saved_cs_client     = @@character_set_client */;
/*!40101 SET character_set_client = utf8 */;
CREATE TABLE `LOCAL_TRANSPORT_TAG_TB` (
  `LOCAL_TRANSPORT_TAG_ID` int(11) NOT NULL AUTO_INCREMENT,
  `TRANSPORT_TAG` varchar(128) NOT NULL,
  PRIMARY KEY (`LOCAL_TRANSPORT_TAG_ID`)
) ENGINE=InnoDB AUTO_INCREMENT=17 DEFAULT CHARSET=latin1;
/*!40101 SET character_set_client = @saved_cs_client */;

--
-- Dumping data for table `LOCAL_TRANSPORT_TAG_TB`
--

LOCK TABLES `LOCAL_TRANSPORT_TAG_TB` WRITE;
/*!40000 ALTER TABLE `LOCAL_TRANSPORT_TAG_TB` DISABLE KEYS */;
INSERT INTO `LOCAL_TRANSPORT_TAG_TB` VALUES (3,'tg2'),(12,'DEFAULT'),(15,'tg4'),(16,'tg5');
/*!40000 ALTER TABLE `LOCAL_TRANSPORT_TAG_TB` ENABLE KEYS */;
UNLOCK TABLES;

--
-- Table structure for table `LOCAL_TRANSPORT_TB`
--

DROP TABLE IF EXISTS `LOCAL_TRANSPORT_TB`;
/*!40101 SET @saved_cs_client     = @@character_set_client */;
/*!40101 SET character_set_client = utf8 */;
CREATE TABLE `LOCAL_TRANSPORT_TB` (
  `TRANSPORT_ID` int(11) NOT NULL AUTO_INCREMENT,
  `TRANSPORT_TYPE` int(11) NOT NULL,
  `PUBLIC_SERVER_IP` varchar(128) DEFAULT NULL,
  `IP_ADDRESS` varchar(128) NOT NULL,
  `PORT` int(11) NOT NULL DEFAULT '0',
  `LocalHostConfigID` int(11) NOT NULL,
  `SecurePort` int(11) DEFAULT '0',
  PRIMARY KEY (`TRANSPORT_ID`),
  UNIQUE KEY `TRANS_TYPE` (`TRANSPORT_TYPE`,`IP_ADDRESS`,`PORT`,`SecurePort`),
  KEY `LocalHostConfigID` (`LocalHostConfigID`),
  CONSTRAINT `LOCAL_TRANSPORT_TB_ibfk_1` FOREIGN KEY (`LocalHostConfigID`) REFERENCES `LocalHostConfigT` (`LocalHostConfigID`) ON DELETE CASCADE
) ENGINE=InnoDB AUTO_INCREMENT=2 DEFAULT CHARSET=latin1;
/*!40101 SET character_set_client = @saved_cs_client */;

--
-- Dumping data for table `LOCAL_TRANSPORT_TB`
--

LOCK TABLES `LOCAL_TRANSPORT_TB` WRITE;
/*!40000 ALTER TABLE `LOCAL_TRANSPORT_TB` DISABLE KEYS */;
INSERT INTO `LOCAL_TRANSPORT_TB` VALUES (1,1,NULL,'{{ iwf_dia_local_ip }}',{{ iwf_dia_local_port_01 }},1,0);
/*!40000 ALTER TABLE `LOCAL_TRANSPORT_TB` ENABLE KEYS */;
UNLOCK TABLES;

--
-- Table structure for table `LOGGING_CONFIG_TB`
--

DROP TABLE IF EXISTS `LOGGING_CONFIG_TB`;
/*!40101 SET @saved_cs_client     = @@character_set_client */;
/*!40101 SET character_set_client = utf8 */;
CREATE TABLE `LOGGING_CONFIG_TB` (
  `LOG_ID` int(11) NOT NULL AUTO_INCREMENT,
  `COMPONENT_NAME` varchar(20) DEFAULT NULL,
  `LOG_LEVEL` int(11) DEFAULT '3',
  `LOG_CHANNEL` int(11) DEFAULT '0',
  PRIMARY KEY (`LOG_ID`),
  UNIQUE KEY `COMP_NAME` (`COMPONENT_NAME`)
) ENGINE=InnoDB AUTO_INCREMENT=5 DEFAULT CHARSET=latin1;
/*!40101 SET character_set_client = @saved_cs_client */;

--
-- Dumping data for table `LOGGING_CONFIG_TB`
--

LOCK TABLES `LOGGING_CONFIG_TB` WRITE;
/*!40000 ALTER TABLE `LOGGING_CONFIG_TB` DISABLE KEYS */;
INSERT INTO `LOGGING_CONFIG_TB` VALUES (1,'AVAMGR',2,0),(2,'CMGR',2,0),(3,'CLI',2,0),(4,'IWF',3,0);
/*!40000 ALTER TABLE `LOGGING_CONFIG_TB` ENABLE KEYS */;
UNLOCK TABLES;

--
-- Table structure for table `LocalHostConfigT`
--

DROP TABLE IF EXISTS `LocalHostConfigT`;
/*!40101 SET @saved_cs_client     = @@character_set_client */;
/*!40101 SET character_set_client = utf8 */;
CREATE TABLE `LocalHostConfigT` (
  `LocalHostConfigID` int(11) NOT NULL AUTO_INCREMENT,
  `HostName` varchar(128) NOT NULL,
  `RealmName` varchar(128) NOT NULL,
  `AuthLifeTime` int(11) DEFAULT '400',
  `AuthGraceTime` int(11) DEFAULT '300',
  `AuthTimeOut` int(11) DEFAULT '600',
  `AcctInterim` int(11) DEFAULT '30',
  `AcctTimeOut` int(11) DEFAULT '30',
  PRIMARY KEY (`LocalHostConfigID`,`HostName`,`RealmName`),
  UNIQUE KEY `LOCAL_HOST` (`HostName`,`RealmName`)
) ENGINE=InnoDB AUTO_INCREMENT=2 DEFAULT CHARSET=latin1;
/*!40101 SET character_set_client = @saved_cs_client */;

--
-- Dumping data for table `LocalHostConfigT`
--

LOCK TABLES `LocalHostConfigT` WRITE;
/*!40000 ALTER TABLE `LocalHostConfigT` DISABLE KEYS */;
INSERT INTO `LocalHostConfigT` VALUES (1,'iwf','diametriq.com',400,300,600,30,30);
/*!40000 ALTER TABLE `LocalHostConfigT` ENABLE KEYS */;
UNLOCK TABLES;

--
-- Table structure for table `MULTIHOMING_TB`
--

DROP TABLE IF EXISTS `MULTIHOMING_TB`;
/*!40101 SET @saved_cs_client     = @@character_set_client */;
/*!40101 SET character_set_client = utf8 */;
CREATE TABLE `MULTIHOMING_TB` (
  `MULTIHOMING_ID` int(11) NOT NULL AUTO_INCREMENT,
  `OTHERHOME_IPADDR` varchar(128) NOT NULL,
  `TRANSPORT_ID` int(11) NOT NULL,
  PRIMARY KEY (`MULTIHOMING_ID`),
  UNIQUE KEY `MULTI_HOMING_IP` (`TRANSPORT_ID`,`OTHERHOME_IPADDR`),
  CONSTRAINT `MULTIHOMING_TB_ibfk_1` FOREIGN KEY (`TRANSPORT_ID`) REFERENCES `LOCAL_TRANSPORT_TB` (`TRANSPORT_ID`) ON DELETE CASCADE
) ENGINE=InnoDB DEFAULT CHARSET=latin1;
/*!40101 SET character_set_client = @saved_cs_client */;

--
-- Dumping data for table `MULTIHOMING_TB`
--

LOCK TABLES `MULTIHOMING_TB` WRITE;
/*!40000 ALTER TABLE `MULTIHOMING_TB` DISABLE KEYS */;
/*!40000 ALTER TABLE `MULTIHOMING_TB` ENABLE KEYS */;
UNLOCK TABLES;

--
-- Table structure for table `PEER_DICTIONARY_MAP_TB`
--

DROP TABLE IF EXISTS `PEER_DICTIONARY_MAP_TB`;
/*!40101 SET @saved_cs_client     = @@character_set_client */;
/*!40101 SET character_set_client = utf8 */;
CREATE TABLE `PEER_DICTIONARY_MAP_TB` (
  `PEER_DICTIONARY_ASSN_ID` int(11) NOT NULL AUTO_INCREMENT,
  `PEER_ID` int(11) NOT NULL,
  `DICTIONARY_ID` int(11) NOT NULL,
  PRIMARY KEY (`PEER_DICTIONARY_ASSN_ID`),
  UNIQUE KEY `PE_DICT_ID` (`PEER_ID`,`DICTIONARY_ID`),
  KEY `DICTIONARY_ID` (`DICTIONARY_ID`),
  CONSTRAINT `PEER_DICTIONARY_MAP_TB_ibfk_1` FOREIGN KEY (`DICTIONARY_ID`) REFERENCES `DICTIONARY_TB` (`DICTIONARY_ID`) ON DELETE CASCADE,
  CONSTRAINT `PEER_DICTIONARY_MAP_TB_ibfk_2` FOREIGN KEY (`PEER_ID`) REFERENCES `PeerT` (`PeerID`) ON DELETE CASCADE
) ENGINE=InnoDB AUTO_INCREMENT=2 DEFAULT CHARSET=latin1;
/*!40101 SET character_set_client = @saved_cs_client */;

--
-- Dumping data for table `PEER_DICTIONARY_MAP_TB`
--

LOCK TABLES `PEER_DICTIONARY_MAP_TB` WRITE;
/*!40000 ALTER TABLE `PEER_DICTIONARY_MAP_TB` DISABLE KEYS */;
INSERT INTO `PEER_DICTIONARY_MAP_TB` VALUES (1,1,25);
/*!40000 ALTER TABLE `PEER_DICTIONARY_MAP_TB` ENABLE KEYS */;
UNLOCK TABLES;

--
-- Table structure for table `PEER_GRP_MAP_TB`
--

DROP TABLE IF EXISTS `PEER_GRP_MAP_TB`;
/*!40101 SET @saved_cs_client     = @@character_set_client */;
/*!40101 SET character_set_client = utf8 */;
CREATE TABLE `PEER_GRP_MAP_TB` (
  `PEER_GRP_MAP_ID` int(11) NOT NULL AUTO_INCREMENT,
  `PEER_GRP_ID` int(11) NOT NULL,
  `PEER_ID` int(11) NOT NULL,
  `PEER_WEIGHT` int(11) NOT NULL,
  `PEER_PRIORITY` int(11) NOT NULL,
  PRIMARY KEY (`PEER_GRP_MAP_ID`),
  KEY `PEER_GRP_ID` (`PEER_GRP_ID`),
  KEY `PEER_ID` (`PEER_ID`),
  CONSTRAINT `PEER_GRP_MAP_TB_ibfk_1` FOREIGN KEY (`PEER_GRP_ID`) REFERENCES `PEER_GRP_TB` (`PEER_GRP_ID`) ON DELETE CASCADE,
  CONSTRAINT `PEER_GRP_MAP_TB_ibfk_2` FOREIGN KEY (`PEER_ID`) REFERENCES `PeerT` (`PeerID`) ON DELETE CASCADE
) ENGINE=InnoDB DEFAULT CHARSET=latin1;
/*!40101 SET character_set_client = @saved_cs_client */;

--
-- Dumping data for table `PEER_GRP_MAP_TB`
--

LOCK TABLES `PEER_GRP_MAP_TB` WRITE;
/*!40000 ALTER TABLE `PEER_GRP_MAP_TB` DISABLE KEYS */;
/*!40000 ALTER TABLE `PEER_GRP_MAP_TB` ENABLE KEYS */;
UNLOCK TABLES;

--
-- Table structure for table `PEER_GRP_TB`
--

DROP TABLE IF EXISTS `PEER_GRP_TB`;
/*!40101 SET @saved_cs_client     = @@character_set_client */;
/*!40101 SET character_set_client = utf8 */;
CREATE TABLE `PEER_GRP_TB` (
  `PEER_GRP_ID` int(11) NOT NULL AUTO_INCREMENT,
  `PEER_GRP_NAME` varchar(50) NOT NULL,
  `ENABLE_PCRF_BINDING` tinyint(1) NOT NULL,
  `LB_METHOD_ID` int(11) NOT NULL,
  PRIMARY KEY (`PEER_GRP_ID`),
  KEY `LB_METHOD_ID` (`LB_METHOD_ID`),
  CONSTRAINT `PEER_GRP_TB_ibfk_1` FOREIGN KEY (`LB_METHOD_ID`) REFERENCES `LB_ALGORITHM_TB` (`LB_METHOD_ID`)
) ENGINE=InnoDB DEFAULT CHARSET=latin1;
/*!40101 SET character_set_client = @saved_cs_client */;

--
-- Dumping data for table `PEER_GRP_TB`
--

LOCK TABLES `PEER_GRP_TB` WRITE;
/*!40000 ALTER TABLE `PEER_GRP_TB` DISABLE KEYS */;
/*!40000 ALTER TABLE `PEER_GRP_TB` ENABLE KEYS */;
UNLOCK TABLES;

--
-- Table structure for table `PEER_MULTIHOMING_TB`
--

DROP TABLE IF EXISTS `PEER_MULTIHOMING_TB`;
/*!40101 SET @saved_cs_client     = @@character_set_client */;
/*!40101 SET character_set_client = utf8 */;
CREATE TABLE `PEER_MULTIHOMING_TB` (
  `PEER_MULTIHOMING_ID` int(11) NOT NULL AUTO_INCREMENT,
  `PEER_ID` int(11) NOT NULL,
  `OTHERHOME_IPADDR` varchar(200) NOT NULL,
  PRIMARY KEY (`PEER_MULTIHOMING_ID`),
  UNIQUE KEY `OTHER_HOME_IP` (`PEER_ID`,`OTHERHOME_IPADDR`),
  CONSTRAINT `PEER_MULTIHOMING_TB_ibfk_1` FOREIGN KEY (`PEER_ID`) REFERENCES `PeerT` (`PeerID`) ON DELETE CASCADE
) ENGINE=InnoDB DEFAULT CHARSET=latin1;
/*!40101 SET character_set_client = @saved_cs_client */;

--
-- Dumping data for table `PEER_MULTIHOMING_TB`
--

LOCK TABLES `PEER_MULTIHOMING_TB` WRITE;
/*!40000 ALTER TABLE `PEER_MULTIHOMING_TB` DISABLE KEYS */;
/*!40000 ALTER TABLE `PEER_MULTIHOMING_TB` ENABLE KEYS */;
UNLOCK TABLES;

--
-- Table structure for table `PeerGlobalConfigT`
--

DROP TABLE IF EXISTS `PeerGlobalConfigT`;
/*!40101 SET @saved_cs_client     = @@character_set_client */;
/*!40101 SET character_set_client = utf8 */;
CREATE TABLE `PeerGlobalConfigT` (
  `DiscoveryInterval` int(11) DEFAULT NULL,
  `ComponentID` int(11) NOT NULL,
  PRIMARY KEY (`ComponentID`)
) ENGINE=MyISAM DEFAULT CHARSET=latin1;
/*!40101 SET character_set_client = @saved_cs_client */;

--
-- Dumping data for table `PeerGlobalConfigT`
--

LOCK TABLES `PeerGlobalConfigT` WRITE;
/*!40000 ALTER TABLE `PeerGlobalConfigT` DISABLE KEYS */;
/*!40000 ALTER TABLE `PeerGlobalConfigT` ENABLE KEYS */;
UNLOCK TABLES;

--
-- Table structure for table `PeerT`
--

DROP TABLE IF EXISTS `PeerT`;
/*!40101 SET @saved_cs_client     = @@character_set_client */;
/*!40101 SET character_set_client = utf8 */;
CREATE TABLE `PeerT` (
  `PeerID` int(11) NOT NULL AUTO_INCREMENT,
  `PeerHostIdentity` varchar(128) NOT NULL,
  `RealmName` varchar(128) NOT NULL,
  `PeerIP` varchar(128) DEFAULT NULL,
  `PeerPort` int(11) DEFAULT '0',
  `FailoverEnable` tinyint(1) NOT NULL DEFAULT '1',
  `FailBackEnable` tinyint(1) NOT NULL DEFAULT '0',
  `TLSEnabled` tinyint(1) NOT NULL DEFAULT '0',
  `TransportType` int(11) DEFAULT '0',
  `AltPeerID` varchar(128) DEFAULT NULL,
  `isMate` tinyint(1) NOT NULL DEFAULT '0',
  `Enable` int(11) DEFAULT '1',
  `IsSupportDisconnectCause` int(11) DEFAULT '0',
  `SecurePort` int(11) DEFAULT '0',
  PRIMARY KEY (`PeerID`),
  UNIQUE KEY `PEER_REALM` (`PeerHostIdentity`,`RealmName`),
  UNIQUE KEY `IP_PORT` (`PeerIP`,`PeerPort`,`SecurePort`)
) ENGINE=InnoDB AUTO_INCREMENT=2 DEFAULT CHARSET=latin1;
/*!40101 SET character_set_client = @saved_cs_client */;

--
-- Dumping data for table `PeerT`
--

LOCK TABLES `PeerT` WRITE;
/*!40000 ALTER TABLE `PeerT` DISABLE KEYS */;
INSERT INTO `PeerT` VALUES (1,'ocs','diametriq.com','{{ iwf_dia_peer_ip }}',{{ iwf_dia_peer_port_01 }},1,0,0,1,NULL,0,1,0,0);
/*!40000 ALTER TABLE `PeerT` ENABLE KEYS */;
UNLOCK TABLES;

--
-- Table structure for table `PeerTimersT`
--

DROP TABLE IF EXISTS `PeerTimersT`;
/*!40101 SET @saved_cs_client     = @@character_set_client */;
/*!40101 SET character_set_client = utf8 */;
CREATE TABLE `PeerTimersT` (
  `PeerHostIdentity` varchar(128) NOT NULL,
  `RealmName` varchar(128) NOT NULL,
  `WdVal` int(11) DEFAULT '30',
  `TcVal` int(11) DEFAULT '30',
  `Eval` int(11) DEFAULT '60',
  `BusyReconnectTimer` int(11) DEFAULT '1000',
  `DoNotwantToTalkToYouTimer` int(11) DEFAULT '1000',
  PRIMARY KEY (`PeerHostIdentity`,`RealmName`)
) ENGINE=InnoDB DEFAULT CHARSET=latin1;
/*!40101 SET character_set_client = @saved_cs_client */;

--
-- Dumping data for table `PeerTimersT`
--

LOCK TABLES `PeerTimersT` WRITE;
/*!40000 ALTER TABLE `PeerTimersT` DISABLE KEYS */;
INSERT INTO `PeerTimersT` VALUES ('ocs','diametriq.com',30,30,120,1000,1000);
/*!40000 ALTER TABLE `PeerTimersT` ENABLE KEYS */;
UNLOCK TABLES;

--
-- Table structure for table `REALM_ROUTING_TB`
--

DROP TABLE IF EXISTS `REALM_ROUTING_TB`;
/*!40101 SET @saved_cs_client     = @@character_set_client */;
/*!40101 SET character_set_client = utf8 */;
CREATE TABLE `REALM_ROUTING_TB` (
  `ROUTING_ID` int(11) NOT NULL AUTO_INCREMENT,
  `REALM_ID` int(11) NOT NULL,
  `PEER_ID` int(11) NOT NULL,
  `APP_ID` int(11) DEFAULT NULL,
  `VENDOR_ID` int(11) DEFAULT NULL,
  `PRIORITY` int(11) DEFAULT NULL,
  `DYNAMICALLY_DISCOVERED` int(11) DEFAULT NULL,
  `DYN_DISCOVERY_EXPIRY` int(11) DEFAULT NULL,
  PRIMARY KEY (`ROUTING_ID`),
  KEY `REALM_ID` (`REALM_ID`),
  KEY `PEER_ID` (`PEER_ID`),
  CONSTRAINT `REALM_ROUTING_TB_ibfk_1` FOREIGN KEY (`REALM_ID`) REFERENCES `REALM_TB` (`REALM_ID`) ON DELETE CASCADE,
  CONSTRAINT `REALM_ROUTING_TB_ibfk_2` FOREIGN KEY (`PEER_ID`) REFERENCES `PeerT` (`PeerID`) ON DELETE CASCADE
) ENGINE=InnoDB AUTO_INCREMENT=2 DEFAULT CHARSET=latin1;
/*!40101 SET character_set_client = @saved_cs_client */;

--
-- Dumping data for table `REALM_ROUTING_TB`
--

LOCK TABLES `REALM_ROUTING_TB` WRITE;
/*!40000 ALTER TABLE `REALM_ROUTING_TB` DISABLE KEYS */;
INSERT INTO `REALM_ROUTING_TB` VALUES (1,1,1,4,0,1,NULL,NULL);
/*!40000 ALTER TABLE `REALM_ROUTING_TB` ENABLE KEYS */;
UNLOCK TABLES;

--
-- Table structure for table `REALM_TB`
--

DROP TABLE IF EXISTS `REALM_TB`;
/*!40101 SET @saved_cs_client     = @@character_set_client */;
/*!40101 SET character_set_client = utf8 */;
CREATE TABLE `REALM_TB` (
  `REALM_ID` int(11) NOT NULL AUTO_INCREMENT,
  `REALM_NAME` varchar(128) NOT NULL,
  `LOCAL_ACTION` int(11) DEFAULT NULL,
  `REDIRECT_HOST_USAGE` int(11) DEFAULT NULL,
  `REDIRECT_MAX_CACHE_TIME` int(11) DEFAULT NULL,
  `PROXY_INFO_AVP` tinyint(1) DEFAULT '0',
  PRIMARY KEY (`REALM_ID`),
  UNIQUE KEY `REALM_N` (`REALM_NAME`)
) ENGINE=InnoDB AUTO_INCREMENT=2 DEFAULT CHARSET=latin1;
/*!40101 SET character_set_client = @saved_cs_client */;

--
-- Dumping data for table `REALM_TB`
--

LOCK TABLES `REALM_TB` WRITE;
/*!40000 ALTER TABLE `REALM_TB` DISABLE KEYS */;
INSERT INTO `REALM_TB` VALUES (1,'diametriq.com',1,NULL,NULL,0);
/*!40000 ALTER TABLE `REALM_TB` ENABLE KEYS */;
UNLOCK TABLES;

--
-- Table structure for table `ROLE_TB`
--

DROP TABLE IF EXISTS `ROLE_TB`;
/*!40101 SET @saved_cs_client     = @@character_set_client */;
/*!40101 SET character_set_client = utf8 */;
CREATE TABLE `ROLE_TB` (
  `ROLE_ID` int(11) NOT NULL AUTO_INCREMENT,
  `ROLE` varchar(128) DEFAULT NULL,
  `DESCRIPTION` varchar(200) DEFAULT NULL,
  PRIMARY KEY (`ROLE_ID`),
  UNIQUE KEY `USER_ROLE` (`ROLE`)
) ENGINE=InnoDB AUTO_INCREMENT=3 DEFAULT CHARSET=latin1;
/*!40101 SET character_set_client = @saved_cs_client */;

--
-- Dumping data for table `ROLE_TB`
--

LOCK TABLES `ROLE_TB` WRITE;
/*!40000 ALTER TABLE `ROLE_TB` DISABLE KEYS */;
INSERT INTO `ROLE_TB` VALUES (1,'admin','administrator'),(2,'operator','operator');
/*!40000 ALTER TABLE `ROLE_TB` ENABLE KEYS */;
UNLOCK TABLES;

--
-- Table structure for table `ReplicationManagerConfigT`
--

DROP TABLE IF EXISTS `ReplicationManagerConfigT`;
/*!40101 SET @saved_cs_client     = @@character_set_client */;
/*!40101 SET character_set_client = utf8 */;
CREATE TABLE `ReplicationManagerConfigT` (
  `ComponentID` int(11) NOT NULL,
  `ReplicationState` int(11) DEFAULT '1',
  PRIMARY KEY (`ComponentID`)
) ENGINE=InnoDB DEFAULT CHARSET=latin1;
/*!40101 SET character_set_client = @saved_cs_client */;

--
-- Dumping data for table `ReplicationManagerConfigT`
--

LOCK TABLES `ReplicationManagerConfigT` WRITE;
/*!40000 ALTER TABLE `ReplicationManagerConfigT` DISABLE KEYS */;
/*!40000 ALTER TABLE `ReplicationManagerConfigT` ENABLE KEYS */;
UNLOCK TABLES;

--
-- Table structure for table `SCTP_CONFIG`
--

DROP TABLE IF EXISTS `SCTP_CONFIG`;
/*!40101 SET @saved_cs_client     = @@character_set_client */;
/*!40101 SET character_set_client = utf8 */;
CREATE TABLE `SCTP_CONFIG` (
  `SCTP_CONFIG_ID` int(11) NOT NULL AUTO_INCREMENT,
  `HEARTBEAT_ENABLE` tinyint(1) NOT NULL DEFAULT '1',
  `HEARTBEAT_TIMEOUT` int(11) NOT NULL DEFAULT '10000',
  `INIT_TIMEOUT` int(11) NOT NULL DEFAULT '3000',
  `ASSOC_MAX_ATTEMPTS` int(11) NOT NULL DEFAULT '16',
  `RTO_MAX` int(11) NOT NULL DEFAULT '60000',
  `RTO_MIN` int(11) NOT NULL DEFAULT '2000',
  `RTO_INITIAL` int(11) NOT NULL DEFAULT '3000',
  `PATH_FAILURE_RETRY_COUNT` int(11) NOT NULL DEFAULT '16',
  PRIMARY KEY (`SCTP_CONFIG_ID`)
) ENGINE=InnoDB AUTO_INCREMENT=2 DEFAULT CHARSET=latin1;
/*!40101 SET character_set_client = @saved_cs_client */;

--
-- Dumping data for table `SCTP_CONFIG`
--

LOCK TABLES `SCTP_CONFIG` WRITE;
/*!40000 ALTER TABLE `SCTP_CONFIG` DISABLE KEYS */;
INSERT INTO `SCTP_CONFIG` VALUES (1,1,10000,3000,16,60000,2000,3000,16);
/*!40000 ALTER TABLE `SCTP_CONFIG` ENABLE KEYS */;
UNLOCK TABLES;

--
-- Table structure for table `STACK_GEN_CONFIG`
--

DROP TABLE IF EXISTS `STACK_GEN_CONFIG`;
/*!40101 SET @saved_cs_client     = @@character_set_client */;
/*!40101 SET character_set_client = utf8 */;
CREATE TABLE `STACK_GEN_CONFIG` (
  `GEN_CONFIG_ID` int(11) NOT NULL AUTO_INCREMENT,
  `PEER_IP_CHECK_ENABLE` tinyint(1) NOT NULL DEFAULT '1',
  `IS_PREDICTIVE_LOOP_AVD_REQUIRED` tinyint(1) NOT NULL DEFAULT '0',
  `IS_SNAPTR_SUPPORTED` tinyint(1) NOT NULL DEFAULT '0',
  PRIMARY KEY (`GEN_CONFIG_ID`)
) ENGINE=InnoDB AUTO_INCREMENT=2 DEFAULT CHARSET=latin1;
/*!40101 SET character_set_client = @saved_cs_client */;

--
-- Dumping data for table `STACK_GEN_CONFIG`
--

LOCK TABLES `STACK_GEN_CONFIG` WRITE;
/*!40000 ALTER TABLE `STACK_GEN_CONFIG` DISABLE KEYS */;
INSERT INTO `STACK_GEN_CONFIG` VALUES (1,1,0,0);
/*!40000 ALTER TABLE `STACK_GEN_CONFIG` ENABLE KEYS */;
UNLOCK TABLES;

--
-- Table structure for table `STATIC_ROUTE_TB`
--

DROP TABLE IF EXISTS `STATIC_ROUTE_TB`;
/*!40101 SET @saved_cs_client     = @@character_set_client */;
/*!40101 SET character_set_client = utf8 */;
CREATE TABLE `STATIC_ROUTE_TB` (
  `STATIC_ROUTE_ID` int(11) NOT NULL AUTO_INCREMENT,
  `PEER_ID` int(11) NOT NULL,
  `DESTINATION_HOST` varchar(200) NOT NULL,
  `DESTINATION_REALM` varchar(200) NOT NULL,
  `APPLICATION_ID` int(11) DEFAULT '0',
  `PRIORITY` int(11) DEFAULT NULL,
  PRIMARY KEY (`STATIC_ROUTE_ID`),
  UNIQUE KEY `PEER_ID_DEST_HOST` (`PEER_ID`,`DESTINATION_HOST`,`APPLICATION_ID`),
  CONSTRAINT `STATIC_ROUTE_TB_ibfk_1` FOREIGN KEY (`PEER_ID`) REFERENCES `PeerT` (`PeerID`) ON DELETE CASCADE
) ENGINE=InnoDB DEFAULT CHARSET=latin1;
/*!40101 SET character_set_client = @saved_cs_client */;

--
-- Dumping data for table `STATIC_ROUTE_TB`
--

LOCK TABLES `STATIC_ROUTE_TB` WRITE;
/*!40000 ALTER TABLE `STATIC_ROUTE_TB` DISABLE KEYS */;
/*!40000 ALTER TABLE `STATIC_ROUTE_TB` ENABLE KEYS */;
UNLOCK TABLES;

--
-- Table structure for table `TLS_CONFIG`
--

DROP TABLE IF EXISTS `TLS_CONFIG`;
/*!40101 SET @saved_cs_client     = @@character_set_client */;
/*!40101 SET character_set_client = utf8 */;
CREATE TABLE `TLS_CONFIG` (
  `TLS_CONFIG_ID` int(11) NOT NULL AUTO_INCREMENT,
  `IDENTITY_VERIFICATION_ENABLE` tinyint(1) NOT NULL DEFAULT '0',
  `CRL_VERIFICATION_ENABLE` tinyint(1) NOT NULL DEFAULT '0',
  PRIMARY KEY (`TLS_CONFIG_ID`)
) ENGINE=InnoDB AUTO_INCREMENT=2 DEFAULT CHARSET=latin1;
/*!40101 SET character_set_client = @saved_cs_client */;

--
-- Dumping data for table `TLS_CONFIG`
--

LOCK TABLES `TLS_CONFIG` WRITE;
/*!40000 ALTER TABLE `TLS_CONFIG` DISABLE KEYS */;
INSERT INTO `TLS_CONFIG` VALUES (1,0,0);
/*!40000 ALTER TABLE `TLS_CONFIG` ENABLE KEYS */;
UNLOCK TABLES;

--
-- Table structure for table `TRACING_FILTER_TB`
--

DROP TABLE IF EXISTS `TRACING_FILTER_TB`;
/*!40101 SET @saved_cs_client     = @@character_set_client */;
/*!40101 SET character_set_client = utf8 */;
CREATE TABLE `TRACING_FILTER_TB` (
  `FILTER_ID` int(11) NOT NULL AUTO_INCREMENT,
  `FILTER_NAME` varchar(250) DEFAULT NULL,
  `RULE` text,
  `PRIORITY` int(11) DEFAULT NULL,
  `EXP_DURATION` int(11) DEFAULT NULL,
  `EXP_MESSAGES` int(11) DEFAULT NULL,
  `FILTER_STATUS` int(11) DEFAULT '1',
  `LOG_LEVEL` int(11) DEFAULT '6',
  PRIMARY KEY (`FILTER_ID`),
  UNIQUE KEY `FIL_NAME` (`FILTER_NAME`)
) ENGINE=InnoDB DEFAULT CHARSET=latin1;
/*!40101 SET character_set_client = @saved_cs_client */;

--
-- Dumping data for table `TRACING_FILTER_TB`
--

LOCK TABLES `TRACING_FILTER_TB` WRITE;
/*!40000 ALTER TABLE `TRACING_FILTER_TB` DISABLE KEYS */;
/*!40000 ALTER TABLE `TRACING_FILTER_TB` ENABLE KEYS */;
UNLOCK TABLES;

--
-- Table structure for table `TRACING_TB`
--

DROP TABLE IF EXISTS `TRACING_TB`;
/*!40101 SET @saved_cs_client     = @@character_set_client */;
/*!40101 SET character_set_client = utf8 */;
CREATE TABLE `TRACING_TB` (
  `ENABLE_TRACING` int(11) NOT NULL,
  PRIMARY KEY (`ENABLE_TRACING`)
) ENGINE=InnoDB DEFAULT CHARSET=latin1;
/*!40101 SET character_set_client = @saved_cs_client */;

--
-- Dumping data for table `TRACING_TB`
--

LOCK TABLES `TRACING_TB` WRITE;
/*!40000 ALTER TABLE `TRACING_TB` DISABLE KEYS */;
INSERT INTO `TRACING_TB` VALUES (1);
/*!40000 ALTER TABLE `TRACING_TB` ENABLE KEYS */;
UNLOCK TABLES;

--
-- Table structure for table `TRUSTED_CA_TB`
--

DROP TABLE IF EXISTS `TRUSTED_CA_TB`;
/*!40101 SET @saved_cs_client     = @@character_set_client */;
/*!40101 SET character_set_client = utf8 */;
CREATE TABLE `TRUSTED_CA_TB` (
  `CA_ID` int(11) NOT NULL AUTO_INCREMENT,
  `CA_FILE` varchar(50) NOT NULL,
  `CRL_FILE` varchar(50) DEFAULT NULL,
  PRIMARY KEY (`CA_ID`),
  UNIQUE KEY `C_FILE` (`CA_FILE`)
) ENGINE=InnoDB DEFAULT CHARSET=latin1;
/*!40101 SET character_set_client = @saved_cs_client */;

--
-- Dumping data for table `TRUSTED_CA_TB`
--

LOCK TABLES `TRUSTED_CA_TB` WRITE;
/*!40000 ALTER TABLE `TRUSTED_CA_TB` DISABLE KEYS */;
/*!40000 ALTER TABLE `TRUSTED_CA_TB` ENABLE KEYS */;
UNLOCK TABLES;

--
-- Table structure for table `UserT`
--

DROP TABLE IF EXISTS `UserT`;
/*!40101 SET @saved_cs_client     = @@character_set_client */;
/*!40101 SET character_set_client = utf8 */;
CREATE TABLE `UserT` (
  `UserID` int(11) NOT NULL AUTO_INCREMENT,
  `UserName` varchar(128) NOT NULL,
  `Password` blob,
  `Previlage` int(11) DEFAULT NULL,
  `RoleID` int(11) DEFAULT NULL,
  `CreatedBy` int(11) DEFAULT NULL,
  `CreationTime` datetime DEFAULT NULL,
  `ModifiedBy` int(11) DEFAULT NULL,
  `ModificationTime` datetime DEFAULT NULL,
  `Status` int(11) DEFAULT NULL,
  PRIMARY KEY (`UserID`),
  UNIQUE KEY `USER` (`UserName`),
  KEY `RoleID` (`RoleID`),
  CONSTRAINT `UserT_ibfk_1` FOREIGN KEY (`RoleID`) REFERENCES `ROLE_TB` (`ROLE_ID`)
) ENGINE=InnoDB AUTO_INCREMENT=2 DEFAULT CHARSET=latin1;
/*!40101 SET character_set_client = @saved_cs_client */;

--
-- Dumping data for table `UserT`
--

LOCK TABLES `UserT` WRITE;
/*!40000 ALTER TABLE `UserT` DISABLE KEYS */;
/*!40000 ALTER TABLE `UserT` ENABLE KEYS */;
UNLOCK TABLES;
/*!40103 SET TIME_ZONE=@OLD_TIME_ZONE */;

/*!40101 SET SQL_MODE=@OLD_SQL_MODE */;
/*!40014 SET FOREIGN_KEY_CHECKS=@OLD_FOREIGN_KEY_CHECKS */;
/*!40014 SET UNIQUE_CHECKS=@OLD_UNIQUE_CHECKS */;
/*!40101 SET CHARACTER_SET_CLIENT=@OLD_CHARACTER_SET_CLIENT */;
/*!40101 SET CHARACTER_SET_RESULTS=@OLD_CHARACTER_SET_RESULTS */;
/*!40101 SET COLLATION_CONNECTION=@OLD_COLLATION_CONNECTION */;
/*!40111 SET SQL_NOTES=@OLD_SQL_NOTES */;

-- Dump completed on 2020-04-23 15:15:06
